Name,Location Type,Parent Name,Capacity,Latitude 1,Longitude 1,Latitude 2,Longitude 2,Latitude 3,Longitude 3,Latitude 4,Longitude 4,Latitude 5,Longitude 5,Circle Radius,Circle Center
KM 197                        ,                              ,                              ,                              ,33.22032869960386,-96.87718669021936,33.22027596133596,-96.87730166519835,33.22030812914677,-96.87730114672233,33.2203605202876,-96.87718652101083,33.220318327593546            ,-96.87724400578773            ,                                                            ,                                                                                                    
KM 196                        ,                              ,                              ,                              ,33.22029687892013,-96.87718685942791,33.220243793525135,-96.87730218367436,33.22027596133596,-96.87730166519835,33.22032869960386,-96.87718669021936,33.22028633334627             ,-96.87724434962999            ,                                                            ,                                                                                                    
KM 195                        ,                              ,                              ,                              ,33.22026505823639,-96.87718702863644,33.22021162571432,-96.87730270215037,33.220243793525135,-96.87730218367436,33.22029687892013,-96.87718685942791,33.22025433909899             ,-96.87724469347228            ,                                                            ,                                                                                                    
KM 194                        ,                              ,                              ,                              ,33.22023323755266,-96.87718719784498,33.220179457903505,-96.87730322062639,33.22021162571432,-96.87730270215037,33.22026505823639,-96.87718702863644,33.22022234485172             ,-96.87724503731455            ,                                                            ,                                                                                                    
KM 193                        ,                              ,                              ,                              ,33.220201416868925,-96.87718736705351,33.22014729009269,-96.8773037391024,33.220179457903505,-96.87730322062639,33.22023323755266,-96.87718719784498,33.22019035060445             ,-96.87724538115683            ,                                                            ,                                                                                                    
KM 192                        ,                              ,                              ,                              ,33.22016959618519,-96.87718753626206,33.22011512228187,-96.87730425757842,33.22014729009269,-96.8773037391024,33.220201416868925,-96.87718736705351,33.22015835635717             ,-96.8772457249991             ,                                                            ,                                                                                                    
KM 191                        ,                              ,                              ,                              ,33.220137775501456,-96.87718770547059,33.22008295447105,-96.87730477605443,33.22011512228187,-96.87730425757842,33.22016959618519,-96.87718753626206,33.220126362109895            ,-96.87724606884137            ,                                                            ,                                                                                                    
KM 190                        ,                              ,                              ,                              ,33.22010595481772,-96.87718787467912,33.22005078666024,-96.87730529453044,33.22008295447105,-96.87730477605443,33.220137775501456,-96.87718770547059,33.220094367862615            ,-96.87724641268365            ,                                                            ,                                                                                                    
KM 189                        ,                              ,                              ,                              ,33.22007413413399,-96.87718804388767,33.220018618849416,-96.87730581300646,33.22005078666024,-96.87730529453044,33.22010595481772,-96.87718787467912,33.22006237361534             ,-96.87724675652592            ,                                                            ,                                                                                                    
KM 188                        ,                              ,                              ,                              ,33.22004231345025,-96.8771882130962,33.2199864510386,-96.87730633148247,33.220018618849416,-96.87730581300646,33.22007413413399,-96.87718804388767,33.22003037936807             ,-96.8772471003682             ,                                                            ,                                                                                                    
KM 187                        ,                              ,                              ,                              ,33.22001049276652,-96.87718838230474,33.219954283227786,-96.87730684995849,33.2199864510386,-96.87730633148247,33.22004231345025,-96.8771882130962,33.21999838512079             ,-96.87724744421047            ,                                                            ,                                                                                                    
KM 186                        ,                              ,                              ,                              ,33.21997867208278,-96.87718855151329,33.21992211541696,-96.8773073684345,33.219954283227786,-96.87730684995849,33.22001049276652,-96.87718838230474,33.21996639087351             ,-96.87724778805274            ,                                                            ,                                                                                                    
KM 185                        ,                              ,                              ,                              ,33.219946851399044,-96.87718872072182,33.21988994760615,-96.8773078869105,33.21992211541696,-96.8773073684345,33.21997867208278,-96.87718855151329,33.219934396626236            ,-96.87724813189502            ,                                                            ,                                                                                                    
KM 184                        ,                              ,                              ,                              ,33.21991503071531,-96.87718888993035,33.21985777979533,-96.87730840538651,33.21988994760615,-96.8773078869105,33.219946851399044,-96.87718872072182,33.21990240237896             ,-96.8772484757373             ,                                                            ,                                                                                                    
KM 183                        ,                              ,                              ,                              ,33.219883210031576,-96.87718905913889,33.21982561198452,-96.87730892386253,33.21985777979533,-96.87730840538651,33.21991503071531,-96.87718888993035,33.21987040813168             ,-96.87724881957956            ,                                                            ,                                                                                                    
KM 182                        ,                              ,                              ,                              ,33.219851389347845,-96.87718922834743,33.219793444173696,-96.87730944233854,33.21982561198452,-96.87730892386253,33.219883210031576,-96.87718905913889,33.21983841388441             ,-96.87724916342185            ,                                                            ,                                                                                                    
KM 181                        ,                              ,                              ,                              ,33.21981956866411,-96.87718939755597,33.21976127636288,-96.87730996081456,33.219793444173696,-96.87730944233854,33.219851389347845,-96.87718922834743,33.21980641963713             ,-96.87724950726414            ,                                                            ,                                                                                                    
KM 180                        ,                              ,                              ,                              ,33.21978774798037,-96.8771895667645,33.219729108552066,-96.87731047929057,33.21976127636288,-96.87730996081456,33.21981956866411,-96.87718939755597,33.21977442538986             ,-96.8772498511064             ,                                                            ,                                                                                                    
KM 179                        ,                              ,                              ,                              ,33.21975592729664,-96.87718973597305,33.219696940741244,-96.87731099776659,33.219729108552066,-96.87731047929057,33.21978774798037,-96.8771895667645,33.21974243114258             ,-96.87725019494869            ,                                                            ,                                                                                                    
KM 178                        ,                              ,                              ,                              ,33.2197241066129,-96.87718990518158,33.21966477293043,-96.8773115162426,33.219696940741244,-96.87731099776659,33.21975592729664,-96.87718973597305,33.219710436895305            ,-96.87725053879095            ,                                                            ,                                                                                                    
KM 177                        ,                              ,                              ,                              ,33.21969228592917,-96.87719007439011,33.219632605119614,-96.87731203471861,33.21966477293043,-96.8773115162426,33.2197241066129,-96.87718990518158,33.21967844264803             ,-96.87725088263323            ,                                                            ,                                                                                                    
KM 176                        ,                              ,                              ,                              ,33.21966046524543,-96.87719024359865,33.2196004373088,-96.87731255319463,33.219632605119614,-96.87731203471861,33.21969228592917,-96.87719007439011,33.21964644840075             ,-96.8772512264755             ,                                                            ,                                                                                                    
KM 175                        ,                              ,                              ,                              ,33.2196286445617,-96.8771904128072,33.21956826949798,-96.87731307167064,33.2196004373088,-96.87731255319463,33.21966046524543,-96.87719024359865,33.21961445415348             ,-96.87725157031778            ,                                                            ,                                                                                                    
KM 174                        ,                              ,                              ,                              ,33.219596823877964,-96.87719058201573,33.21953610168716,-96.87731359014666,33.21956826949798,-96.87731307167064,33.2196286445617,-96.8771904128072,33.219582459906206            ,-96.87725191416006            ,                                                            ,                                                                                                    
KM 173                        ,                              ,                              ,                              ,33.21956994399454,-96.8775122235801,33.219626480880635,-96.8774100931357,33.21959457575436,-96.87741048260145,33.219537922157144,-96.87751244709752,33.21958223069667             ,-96.8774613116037             ,                                                            ,                                                                                                    
KM 172                        ,                              ,                              ,                              ,33.21960196583194,-96.87751200006268,33.21965838600692,-96.87740970366994,33.219626480880635,-96.8774100931357,33.21956994399454,-96.8775122235801,33.21961419417851             ,-96.87746100511211            ,                                                            ,                                                                                                    
KM 171                        ,                              ,                              ,                              ,33.21963398766934,-96.87751177654526,33.2196902911332,-96.87740931420419,33.21965838600692,-96.87740970366994,33.21960196583194,-96.87751200006268,33.21964615766035             ,-96.87746069862052            ,                                                            ,                                                                                                    
KM 170                        ,                              ,                              ,                              ,33.21966600950673,-96.87751155302784,33.219722196259475,-96.87740892473843,33.2196902911332,-96.87740931420419,33.21963398766934,-96.87751177654526,33.21967812114219             ,-96.87746039212894            ,                                                            ,                                                                                                    
KM 169                        ,                              ,                              ,                              ,33.21969803134413,-96.87751132951043,33.21975410138575,-96.87740853527269,33.219722196259475,-96.87740892473843,33.21966600950673,-96.87751155302784,33.219710084624026            ,-96.87746008563735            ,                                                            ,                                                                                                    
KM 168                        ,                              ,                              ,                              ,33.21973005318153,-96.87751110599301,33.21978600651204,-96.87740814580694,33.21975410138575,-96.87740853527269,33.21969803134413,-96.87751132951043,33.219742048105864            ,-96.87745977914577            ,                                                            ,                                                                                                    
KM 167                        ,                              ,                              ,                              ,33.21976207501893,-96.87751088247559,33.219817911638316,-96.87740775634119,33.21978600651204,-96.87740814580694,33.21973005318153,-96.87751110599301,33.2197740115877              ,-96.87745947265418            ,                                                            ,                                                                                                    
KM 166                        ,                              ,                              ,                              ,33.219794096856326,-96.87751065895817,33.219849816764594,-96.87740736687543,33.219817911638316,-96.87740775634119,33.21976207501893,-96.87751088247559,33.21980597506954             ,-96.8774591661626             ,                                                            ,                                                                                                    
KM 165                        ,                              ,                              ,                              ,33.21982611869372,-96.87751043544075,33.21988172189087,-96.87740697740968,33.219849816764594,-96.87740736687543,33.219794096856326,-96.87751065895817,33.21983793855138             ,-96.87745885967101            ,                                                            ,                                                                                                    
KM 164                        ,                              ,                              ,                              ,33.219858140531116,-96.87751021192334,33.219913627017156,-96.87740658794392,33.21988172189087,-96.87740697740968,33.21982611869372,-96.87751043544075,33.21986990203322             ,-96.87745855317942            ,                                                            ,                                                                                                    
KM 163                        ,                              ,                              ,                              ,33.219890162368515,-96.87750998840592,33.219945532143434,-96.87740619847817,33.219913627017156,-96.87740658794392,33.219858140531116,-96.87751021192334,33.219901865515055            ,-96.87745824668784            ,                                                            ,                                                                                                    
KM 162                        ,                              ,                              ,                              ,33.21992218420591,-96.8775097648885,33.21997743726971,-96.87740580901242,33.219945532143434,-96.87740619847817,33.219890162368515,-96.87750998840592,33.2199338289969              ,-96.87745794019625            ,                                                            ,                                                                                                    
KM 161                        ,                              ,                              ,                              ,33.21995420604331,-96.87750954137108,33.22000934239599,-96.87740541954668,33.21997743726971,-96.87740580901242,33.21992218420591,-96.8775097648885,33.21996579247873             ,-96.87745763370467            ,                                                            ,                                                                                                    
KM 160                        ,                              ,                              ,                              ,33.21998622788071,-96.87750931785367,33.220041247522275,-96.87740503008092,33.22000934239599,-96.87740541954668,33.21995420604331,-96.87750954137108,33.21999775596058             ,-96.87745732721308            ,                                                            ,                                                                                                    
KM 159                        ,                              ,                              ,                              ,33.22001824971811,-96.87750909433625,33.22007315264855,-96.87740464061517,33.220041247522275,-96.87740503008092,33.21998622788071,-96.87750931785367,33.22002971944241             ,-96.8774570207215             ,                                                            ,                                                                                                    
KM 158                        ,                              ,                              ,                              ,33.2200502715555,-96.87750887081883,33.22010505777483,-96.87740425114941,33.22007315264855,-96.87740464061517,33.22001824971811,-96.87750909433625,33.22006168292425             ,-96.87745671422991            ,                                                            ,                                                                                                    
KM 157                        ,                              ,                              ,                              ,33.2200822933929,-96.87750864730141,33.22013696290111,-96.87740386168366,33.22010505777483,-96.87740425114941,33.2200502715555,-96.87750887081883,33.220093646406085            ,-96.87745640773832            ,                                                            ,                                                                                                    
KM 156                        ,                              ,                              ,                              ,33.2201143152303,-96.877508423784,33.22016886802739,-96.8774034722179,33.22013696290111,-96.87740386168366,33.2200822933929,-96.87750864730141,33.22012560988792             ,-96.87745610124674            ,                                                            ,                                                                                                    
KM 155                        ,                              ,                              ,                              ,33.220146337067696,-96.87750820026658,33.22020077315367,-96.87740308275215,33.22016886802739,-96.8774034722179,33.2201143152303,-96.877508423784,33.22015757336976             ,-96.87745579475515            ,                                                            ,                                                                                                    
KM 154                        ,                              ,                              ,                              ,33.220178358905095,-96.87750797674916,33.22023267827995,-96.8774026932864,33.22020077315367,-96.87740308275215,33.220146337067696,-96.87750820026658,33.2201895368516              ,-96.87745548826356            ,                                                            ,                                                                                                    
KM 153                        ,                              ,                              ,                              ,33.22021038074249,-96.87750775323174,33.22026458340623,-96.87740230382066,33.22023267827995,-96.8774026932864,33.220178358905095,-96.87750797674916,33.22022150033344             ,-96.87745518177198            ,                                                            ,                                                                                                    
KM 152                        ,                              ,                              ,                              ,33.220242402579885,-96.87750752971432,33.22029648853251,-96.8774019143549,33.22026458340623,-96.87740230382066,33.22021038074249,-96.87750775323174,33.220253463815276            ,-96.8774548752804             ,                                                            ,                                                                                                    
KM 151                        ,                              ,                              ,                              ,33.22027442441728,-96.8775073061969,33.22032839365879,-96.87740152488915,33.22029648853251,-96.8774019143549,33.220242402579885,-96.87750752971432,33.220285427297114            ,-96.87745456878882            ,                                                            ,                                                                                                    
KM 150                        ,                              ,                              ,                              ,33.22030644625468,-96.87750708267949,33.22036029878507,-96.8774011354234,33.22032839365879,-96.87740152488915,33.22027442441728,-96.8775073061969,33.22031739077896             ,-96.87745426229723            ,                                                            ,                                                                                                    
KM 120                        ,                              ,                              ,                              ,33.22032545516937,-96.8775754079924,33.22027170729695,-96.87768346795794,33.2203036414345,-96.87768334019337,33.2203574910092,-96.87757528664817,33.22031457372751             ,-96.87762937569796            ,                                                            ,                                                                                                    
KM 119                        ,                              ,                              ,                              ,33.22029341932954,-96.87757552933664,33.220239773159406,-96.8776835957225,33.22027170729695,-96.87768346795794,33.22032545516937,-96.8775754079924,33.22028258873881             ,-96.87762950025237            ,                                                            ,                                                                                                    
KM 118                        ,                              ,                              ,                              ,33.22026138348972,-96.87757565068087,33.22020783902186,-96.87768372348707,33.220239773159406,-96.8776835957225,33.22029341932954,-96.87757552933664,33.22025060375013             ,-96.87762962480677            ,                                                            ,                                                                                                    
KM 117                        ,                              ,                              ,                              ,33.22022934764989,-96.8775757720251,33.22017590488432,-96.87768385125163,33.22020783902186,-96.87768372348707,33.22026138348972,-96.87757565068087,33.22021861876145             ,-96.87762974936116            ,                                                            ,                                                                                                    
KM 116                        ,                              ,                              ,                              ,33.22019731181006,-96.87757589336933,33.220143970746776,-96.8776839790162,33.22017590488432,-96.87768385125163,33.22022934764989,-96.8775757720251,33.220186633772755            ,-96.87762987391557            ,                                                            ,                                                                                                    
KM 115                        ,                              ,                              ,                              ,33.22016527597023,-96.87757601471357,33.22011203660923,-96.87768410678076,33.220143970746776,-96.8776839790162,33.22019731181006,-96.87757589336933,33.220154648784074            ,-96.87762999846997            ,                                                            ,                                                                                                    
KM 114                        ,                              ,                              ,                              ,33.2201332401304,-96.8775761360578,33.220080102471684,-96.87768423454533,33.22011203660923,-96.87768410678076,33.22016527597023,-96.87757601471357,33.22012266379539             ,-96.87763012302436            ,                                                            ,                                                                                                    
KM 113                        ,                              ,                              ,                              ,33.22010120429058,-96.87757625740203,33.22004816833414,-96.87768436230989,33.220080102471684,-96.87768423454533,33.2201332401304,-96.8775761360578,33.2200906788067              ,-96.87763024757876            ,                                                            ,                                                                                                    
KM 112                        ,                              ,                              ,                              ,33.22006916845075,-96.87757637874627,33.22001623419659,-96.87768449007446,33.22004816833414,-96.87768436230989,33.22010120429058,-96.87757625740203,33.22005869381802             ,-96.87763037213317            ,                                                            ,                                                                                                    
KM 111                        ,                              ,                              ,                              ,33.22003713261092,-96.8775765000905,33.219984300059046,-96.87768461783902,33.22001623419659,-96.87768449007446,33.22006916845075,-96.87757637874627,33.22002670882932             ,-96.87763049668756            ,                                                            ,                                                                                                    
KM 110                        ,                              ,                              ,                              ,33.22000509677109,-96.87757662143473,33.2199523659215,-96.87768474560359,33.219984300059046,-96.87768461783902,33.22003713261092,-96.8775765000905,33.219994723840635            ,-96.87763062124196            ,                                                            ,                                                                                                    
KM 109                        ,                              ,                              ,                              ,33.21997306093127,-96.87757674277896,33.21992043178396,-96.87768487336815,33.2199523659215,-96.87768474560359,33.22000509677109,-96.87757662143473,33.219962738851954            ,-96.87763074579635            ,                                                            ,                                                                                                    
KM 108                        ,                              ,                              ,                              ,33.21994102509144,-96.8775768641232,33.219888497646416,-96.87768500113272,33.21992043178396,-96.87768487336815,33.21997306093127,-96.87757674277896,33.21993075386327             ,-96.87763087035076            ,                                                            ,                                                                                                    
KM 107                        ,                              ,                              ,                              ,33.21990898925161,-96.87757698546743,33.21985656350887,-96.87768512889728,33.219888497646416,-96.87768500113272,33.21994102509144,-96.8775768641232,33.21989876887458             ,-96.87763099490516            ,                                                            ,                                                                                                    
KM 106                        ,                              ,                              ,                              ,33.21987695341178,-96.87757710681166,33.219824629371324,-96.87768525666185,33.21985656350887,-96.87768512889728,33.21990898925161,-96.87757698546743,33.21986678388589             ,-96.87763111945955            ,                                                            ,                                                                                                    
KM 105                        ,                              ,                              ,                              ,33.21984491757195,-96.8775772281559,33.21979269523378,-96.87768538442641,33.219824629371324,-96.87768525666185,33.21987695341178,-96.87757710681166,33.21983479889721             ,-96.87763124401395            ,                                                            ,                                                                                                    
KM 104                        ,                              ,                              ,                              ,33.219812881732125,-96.87757734950013,33.21976076109623,-96.87768551219098,33.21979269523378,-96.87768538442641,33.21984491757195,-96.8775772281559,33.219802813908515            ,-96.87763136856836            ,                                                            ,                                                                                                    
KM 103                        ,                              ,                              ,                              ,33.219780845892295,-96.87757747084436,33.219728826958686,-96.87768563995554,33.21976076109623,-96.87768551219098,33.219812881732125,-96.87757734950013,33.219770828919835            ,-96.87763149312275            ,                                                            ,                                                                                                    
KM 102                        ,                              ,                              ,                              ,33.219748810052465,-96.8775775921886,33.21969689282114,-96.87768576772011,33.219728826958686,-96.87768563995554,33.219780845892295,-96.87757747084436,33.21973884393115             ,-96.87763161767715            ,                                                            ,                                                                                                    
KM 101                        ,                              ,                              ,                              ,33.219716774212635,-96.87757771353283,33.219664958683595,-96.87768589548467,33.21969689282114,-96.87768576772011,33.219748810052465,-96.8775775921886,33.21970685894246             ,-96.87763174223156            ,                                                            ,                                                                                                    
KM 100                        ,                              ,                              ,                              ,33.219684738372806,-96.87757783487706,33.219633024546056,-96.87768602324924,33.219664958683595,-96.87768589548467,33.219716774212635,-96.87757771353283,33.21967487395377             ,-96.87763186678595            ,                                                            ,                                                                                                    
KM 99                         ,                              ,                              ,                              ,33.21965270253298,-96.87757795622129,33.21960109040851,-96.8776861510138,33.219633024546056,-96.87768602324924,33.219684738372806,-96.87757783487706,33.21964288896508             ,-96.87763199134035            ,                                                            ,                                                                                                    
KM 98                         ,                              ,                              ,                              ,33.21962066669315,-96.87757807756553,33.219569156270964,-96.87768627877837,33.21960109040851,-96.8776861510138,33.21965270253298,-96.87757795622129,33.2196109039764              ,-96.87763211589474            ,                                                            ,                                                                                                    
KM 97                         ,                              ,                              ,                              ,33.21958863085332,-96.87757819890976,33.21953722213342,-96.87768640654294,33.219569156270964,-96.87768627877837,33.21962066669315,-96.87757807756553,33.219578918987715            ,-96.87763224044915            ,                                                            ,                                                                                                    
KM 96                         ,                              ,                              ,                              ,33.219560510494304,-96.87790020746723,33.219628225747975,-96.87776707112789,33.21959648441385,-96.87776729464531,33.21952824923291,-96.87790039027074,33.21957836747225             ,-96.87783374087779            ,                                                            ,                                                                                                    
KM 95                         ,                              ,                              ,                              ,33.2195927717557,-96.87790002466373,33.219659967082094,-96.87776684761047,33.219628225747975,-96.87776707112789,33.219560510494304,-96.87790020746723,33.21961036877002             ,-96.87783353771734            ,                                                            ,                                                                                                    
KM 94                         ,                              ,                              ,                              ,33.219625033017095,-96.87789984186023,33.21969170841622,-96.87776662409306,33.219659967082094,-96.87776684761047,33.2195927717557,-96.87790002466373,33.219642370067774            ,-96.87783333455687            ,                                                            ,                                                                                                    
KM 93                         ,                              ,                              ,                              ,33.219657294278484,-96.87789965905672,33.21972344975035,-96.87776640057564,33.21969170841622,-96.87776662409306,33.219625033017095,-96.87789984186023,33.219674371365535            ,-96.87783313139641            ,                                                            ,                                                                                                    
KM 92                         ,                              ,                              ,                              ,33.21968955553988,-96.87789947625322,33.219755191084474,-96.87776617705822,33.21972344975035,-96.87776640057564,33.219657294278484,-96.87789965905672,33.219706372663296            ,-96.87783292823595            ,                                                            ,                                                                                                    
KM 91                         ,                              ,                              ,                              ,33.219721816801275,-96.87789929344972,33.21978693241859,-96.8777659535408,33.219755191084474,-96.87776617705822,33.21968955553988,-96.87789947625322,33.21973837396106             ,-96.87783272507549            ,                                                            ,                                                                                                    
KM 90                         ,                              ,                              ,                              ,33.21975407806267,-96.87789911064621,33.21981867375272,-96.87776573002338,33.21978693241859,-96.8777659535408,33.219721816801275,-96.87789929344972,33.21977037525881             ,-96.87783252191504            ,                                                            ,                                                                                                    
KM 89                         ,                              ,                              ,                              ,33.21978633932407,-96.87789892784271,33.219850415086846,-96.87776550650597,33.21981867375272,-96.87776573002338,33.21975407806267,-96.87789911064621,33.21980237655657             ,-96.87783231875457            ,                                                            ,                                                                                                    
KM 88                         ,                              ,                              ,                              ,33.219818600585455,-96.8778987450392,33.219882156420965,-96.87776528298855,33.219850415086846,-96.87776550650597,33.21978633932407,-96.87789892784271,33.21983437785433             ,-96.8778321155941             ,                                                            ,                                                                                                    
KM 87                         ,                              ,                              ,                              ,33.21985086184685,-96.8778985622357,33.21991389775509,-96.87776505947113,33.219882156420965,-96.87776528298855,33.219818600585455,-96.8778987450392,33.219866379152094            ,-96.87783191243365            ,                                                            ,                                                                                                    
KM 86                         ,                              ,                              ,                              ,33.21988312310825,-96.8778983794322,33.21994563908922,-96.87776483595371,33.21991389775509,-96.87776505947113,33.21985086184685,-96.8778985622357,33.21989838044985             ,-96.87783170927318            ,                                                            ,                                                                                                    
KM 85                         ,                              ,                              ,                              ,33.21991538436964,-96.87789819662869,33.219977380423344,-96.8777646124363,33.21994563908922,-96.87776483595371,33.21988312310825,-96.8778983794322,33.219930381747616            ,-96.87783150611273            ,                                                            ,                                                                                                    
KM 84                         ,                              ,                              ,                              ,33.21994764563104,-96.87789801382519,33.220009121757464,-96.87776438891888,33.219977380423344,-96.8777646124363,33.21991538436964,-96.87789819662869,33.21996238304537             ,-96.87783130295226            ,                                                            ,                                                                                                    
KM 83                         ,                              ,                              ,                              ,33.21997990689243,-96.87789783102168,33.22004086309159,-96.87776416540146,33.220009121757464,-96.87776438891888,33.21994764563104,-96.87789801382519,33.21999438434313             ,-96.8778310997918             ,                                                            ,                                                                                                    
KM 82                         ,                              ,                              ,                              ,33.22001216815383,-96.87789764821818,33.22007260442572,-96.87776394188404,33.22004086309159,-96.87776416540146,33.21997990689243,-96.87789783102168,33.22002638564089             ,-96.87783089663135            ,                                                            ,                                                                                                    
KM 81                         ,                              ,                              ,                              ,33.22004442941522,-96.87789746541468,33.220104345759836,-96.87776371836662,33.22007260442572,-96.87776394188404,33.22001216815383,-96.87789764821818,33.22005838693865             ,-96.87783069347088            ,                                                            ,                                                                                                    
KM 80                         ,                              ,                              ,                              ,33.22007669067661,-96.87789728261117,33.22013608709396,-96.8777634948492,33.220104345759836,-96.87776371836662,33.22004442941522,-96.87789746541468,33.22009038823641             ,-96.87783049031042            ,                                                            ,                                                                                                    
KM 79                         ,                              ,                              ,                              ,33.22010895193801,-96.87789709980767,33.22016782842809,-96.87776327133179,33.22013608709396,-96.8777634948492,33.22007669067661,-96.87789728261117,33.22012238953417             ,-96.87783028714996            ,                                                            ,                                                                                                    
KM 78                         ,                              ,                              ,                              ,33.220141213199405,-96.87789691700416,33.22019956976221,-96.87776304781437,33.22016782842809,-96.87776327133179,33.22010895193801,-96.87789709980767,33.22015439083193             ,-96.8778300839895             ,                                                            ,                                                                                                    
KM 77                         ,                              ,                              ,                              ,33.2201734744608,-96.87789673420066,33.220231311096335,-96.87776282429695,33.22019956976221,-96.87776304781437,33.220141213199405,-96.87789691700416,33.22018639212969             ,-96.87782988082904            ,                                                            ,                                                                                                    
KM 76                         ,                              ,                              ,                              ,33.22020573572219,-96.87789655139716,33.22026305243046,-96.87776260077953,33.220231311096335,-96.87776282429695,33.2201734744608,-96.87789673420066,33.22021839342745             ,-96.87782967766857            ,                                                            ,                                                                                                    
KM 75                         ,                              ,                              ,                              ,33.220237996983585,-96.87789636859365,33.22029479376459,-96.87776237726212,33.22026305243046,-96.87776260077953,33.22020573572219,-96.87789655139716,33.2202503947252              ,-96.87782947450812            ,                                                            ,                                                                                                    
KM 74                         ,                              ,                              ,                              ,33.22027025824498,-96.87789618579015,33.22032653509871,-96.8777621537447,33.22029479376459,-96.87776237726212,33.220237996983585,-96.87789636859365,33.22028239602297             ,-96.87782927134766            ,                                                            ,                                                                                                    
KM 73                         ,                              ,                              ,                              ,33.220302519506376,-96.87789600298665,33.22035827643283,-96.87776193022728,33.22032653509871,-96.8777621537447,33.22027025824498,-96.87789618579015,33.22031439732072             ,-96.8778290681872             ,                                                            ,                                                                                                    
KM 72                         ,                              ,                              ,                              ,33.21956232608043,-96.87807684833618,33.21961826855749,-96.87797628343105,33.21958638697876,-96.87797650694847,33.21953029009602,-96.87807701440377,33.21957431792818             ,-96.87802666327985            ,                                                            ,                                                                                                    
KM 71                         ,                              ,                              ,                              ,33.219594362064846,-96.8780766822686,33.21965015013621,-96.87797605991364,33.21961826855749,-96.87797628343105,33.21956232608043,-96.87807684833618,33.21960627670974             ,-96.87802646848738            ,                                                            ,                                                                                                    
KM 70                         ,                              ,                              ,                              ,33.21962639804926,-96.878076516201,33.21968203171494,-96.87797583639622,33.21965015013621,-96.87797605991364,33.219594362064846,-96.8780766822686,33.21963823549131             ,-96.87802627369487            ,                                                            ,                                                                                                    
KM 69                         ,                              ,                              ,                              ,33.219658434033676,-96.87807635013341,33.21971391329367,-96.8779756128788,33.21968203171494,-96.87797583639622,33.21962639804926,-96.878076516201,33.21967019427289             ,-96.87802607890237            ,                                                            ,                                                                                                    
KM 68                         ,                              ,                              ,                              ,33.21969047001809,-96.87807618406582,33.219745794872395,-96.87797538936138,33.21971391329367,-96.8779756128788,33.219658434033676,-96.87807635013341,33.219702153054456            ,-96.87802588410986            ,                                                            ,                                                                                                    
KM 67                         ,                              ,                              ,                              ,33.219722506002505,-96.87807601799824,33.219777676451116,-96.87797516584396,33.219745794872395,-96.87797538936138,33.21969047001809,-96.87807618406582,33.219734111836026            ,-96.87802568931735            ,                                                            ,                                                                                                    
KM 66                         ,                              ,                              ,                              ,33.219754541986916,-96.87807585193065,33.219809558029844,-96.87797494232655,33.219777676451116,-96.87797516584396,33.219722506002505,-96.87807601799824,33.219766070617595            ,-96.87802549452485            ,                                                            ,                                                                                                    
KM 65                         ,                              ,                              ,                              ,33.219786577971334,-96.87807568586305,33.21984143960857,-96.87797471880913,33.219809558029844,-96.87797494232655,33.219754541986916,-96.87807585193065,33.21979802939917             ,-96.87802529973234            ,                                                            ,                                                                                                    
KM 64                         ,                              ,                              ,                              ,33.21981861395575,-96.87807551979547,33.21987332118729,-96.87797449529171,33.21984143960857,-96.87797471880913,33.219786577971334,-96.87807568586305,33.219829988180734            ,-96.87802510493984            ,                                                            ,                                                                                                    
KM 63                         ,                              ,                              ,                              ,33.21985064994016,-96.87807535372788,33.21990520276602,-96.87797427177429,33.21987332118729,-96.87797449529171,33.21981861395575,-96.87807551979547,33.21986194696231             ,-96.87802491014733            ,                                                            ,                                                                                                    
KM 62                         ,                              ,                              ,                              ,33.21988268592458,-96.87807518766029,33.21993708434475,-96.87797404825687,33.21990520276602,-96.87797427177429,33.21985064994016,-96.87807535372788,33.21989390574388             ,-96.87802471535483            ,                                                            ,                                                                                                    
KM 61                         ,                              ,                              ,                              ,33.21991472190899,-96.87807502159271,33.21996896592347,-96.87797382473946,33.21993708434475,-96.87797404825687,33.21988268592458,-96.87807518766029,33.21992586452545             ,-96.87802452056233            ,                                                            ,                                                                                                    
KM 60                         ,                              ,                              ,                              ,33.21994675789341,-96.87807485552511,33.2200008475022,-96.87797360122204,33.21996896592347,-96.87797382473946,33.21991472190899,-96.87807502159271,33.21995782330702             ,-96.87802432576984            ,                                                            ,                                                                                                    
KM 59                         ,                              ,                              ,                              ,33.21997879387782,-96.87807468945752,33.22003272908093,-96.87797337770462,33.2200008475022,-96.87797360122204,33.21994675789341,-96.87807485552511,33.21998978208859             ,-96.87802413097734            ,                                                            ,                                                                                                    
KM 58                         ,                              ,                              ,                              ,33.22001082986223,-96.87807452338993,33.220064610659655,-96.8779731541872,33.22003272908093,-96.87797337770462,33.21997879387782,-96.87807468945752,33.22002174087016             ,-96.87802393618483            ,                                                            ,                                                                                                    
KM 57                         ,                              ,                              ,                              ,33.22004286584665,-96.87807435732235,33.220096492238376,-96.87797293066978,33.220064610659655,-96.8779731541872,33.22001082986223,-96.87807452338993,33.22005369965173             ,-96.87802374139233            ,                                                            ,                                                                                                    
KM 56                         ,                              ,                              ,                              ,33.22007490183107,-96.87807419125475,33.220128373817104,-96.87797270715237,33.220096492238376,-96.87797293066978,33.22004286584665,-96.87807435732235,33.220085658433305            ,-96.87802354659982            ,                                                            ,                                                                                                    
KM 55                         ,                              ,                              ,                              ,33.22010693781548,-96.87807402518716,33.22016025539583,-96.87797248363495,33.220128373817104,-96.87797270715237,33.22007490183107,-96.87807419125475,33.22011761721487             ,-96.87802335180731            ,                                                            ,                                                                                                    
KM 54                         ,                              ,                              ,                              ,33.22013897379989,-96.87807385911958,33.22019213697455,-96.87797226011753,33.22016025539583,-96.87797248363495,33.22010693781548,-96.87807402518716,33.22014957599644             ,-96.87802315701481            ,                                                            ,                                                                                                    
KM 53                         ,                              ,                              ,                              ,33.22017100978431,-96.87807369305199,33.22022401855328,-96.87797203660011,33.22019213697455,-96.87797226011753,33.22013897379989,-96.87807385911958,33.22018153477801             ,-96.8780229622223             ,                                                            ,                                                                                                    
KM 52                         ,                              ,                              ,                              ,33.22020304576873,-96.8780735269844,33.22025590013201,-96.8779718130827,33.22022401855328,-96.87797203660011,33.22017100978431,-96.87807369305199,33.220213493559584            ,-96.8780227674298             ,                                                            ,                                                                                                    
KM 51                         ,                              ,                              ,                              ,33.22023508175314,-96.8780733609168,33.22028778171074,-96.87797158956528,33.22025590013201,-96.8779718130827,33.22020304576873,-96.8780735269844,33.22024545234115             ,-96.87802257263729            ,                                                            ,                                                                                                    
KM 50                         ,                              ,                              ,                              ,33.220267117737556,-96.87807319484922,33.22031966328946,-96.87797136604786,33.22028778171074,-96.87797158956528,33.22023508175314,-96.8780733609168,33.22027741112272             ,-96.87802237784479            ,                                                            ,                                                                                                    
KM 49                         ,                              ,                              ,                              ,33.22029915372197,-96.87807302878163,33.22035154486819,-96.87797114253044,33.22031966328946,-96.87797136604786,33.220267117737556,-96.87807319484922,33.22030936990429             ,-96.87802218305228            ,                                                            ,                                                                                                    
KM 48                         ,                              ,                              ,                              ,33.21956662684271,-96.87826457502754,33.219621632366085,-96.87815879772768,33.219589752790604,-96.87815908095345,33.21953477784796,-96.87826476903481,33.21957819746184             ,-96.87821180568588            ,                                                            ,                                                                                                    
KM 47                         ,                              ,                              ,                              ,33.219598475837465,-96.87826438102029,33.21965351194157,-96.8781585145019,33.219621632366085,-96.87815879772768,33.21956662684271,-96.87826457502754,33.21961006174696             ,-96.87821156706934            ,                                                            ,                                                                                                    
KM 46                         ,                              ,                              ,                              ,33.21963032483221,-96.87826418701302,33.219685391517054,-96.87815823127613,33.21965351194157,-96.8781585145019,33.219598475837465,-96.87826438102029,33.219641926032075            ,-96.87821132845285            ,                                                            ,                                                                                                    
KM 45                         ,                              ,                              ,                              ,33.21966217382696,-96.87826399300575,33.219717271092534,-96.87815794805037,33.219685391517054,-96.87815823127613,33.21963032483221,-96.87826418701302,33.21967379031719             ,-96.87821108983631            ,                                                            ,                                                                                                    
KM 44                         ,                              ,                              ,                              ,33.21969402282171,-96.87826379899847,33.21974915066802,-96.8781576648246,33.219717271092534,-96.87815794805037,33.21966217382696,-96.87826399300575,33.21970565460231             ,-96.8782108512198             ,                                                            ,                                                                                                    
KM 43                         ,                              ,                              ,                              ,33.219725871816465,-96.87826360499122,33.2197810302435,-96.87815738159883,33.21974915066802,-96.8781576648246,33.21969402282171,-96.87826379899847,33.21973751888743             ,-96.87821061260328            ,                                                            ,                                                                                                    
KM 42                         ,                              ,                              ,                              ,33.21975772081122,-96.87826341098395,33.219812909818984,-96.87815709837305,33.2197810302435,-96.87815738159883,33.219725871816465,-96.87826360499122,33.21976938317255             ,-96.87821037398676            ,                                                            ,                                                                                                    
KM 41                         ,                              ,                              ,                              ,33.21978956980596,-96.87826321697668,33.21984478939447,-96.87815681514728,33.219812909818984,-96.87815709837305,33.21975772081122,-96.87826341098395,33.21980124745765             ,-96.87821013537024            ,                                                            ,                                                                                                    
KM 40                         ,                              ,                              ,                              ,33.21982141880071,-96.87826302296942,33.21987666896995,-96.8781565319215,33.21984478939447,-96.87815681514728,33.21978956980596,-96.87826321697668,33.21983311174277             ,-96.87820989675372            ,                                                            ,                                                                                                    
KM 39                         ,                              ,                              ,                              ,33.219853267795465,-96.87826282896215,33.21990854854543,-96.87815624869573,33.21987666896995,-96.8781565319215,33.21982141880071,-96.87826302296942,33.21986497602789             ,-96.8782096581372             ,                                                            ,                                                                                                    
KM 38                         ,                              ,                              ,                              ,33.219885116790216,-96.87826263495488,33.21994042812092,-96.87815596546996,33.21990854854543,-96.87815624869573,33.219853267795465,-96.87826282896215,33.21989684031301             ,-96.87820941952067            ,                                                            ,                                                                                                    
KM 37                         ,                              ,                              ,                              ,33.21991696578496,-96.87826244094762,33.2199723076964,-96.8781556822442,33.21994042812092,-96.87815596546996,33.219885116790216,-96.87826263495488,33.219928704598125            ,-96.87820918090416            ,                                                            ,                                                                                                    
KM 36                         ,                              ,                              ,                              ,33.21994881477971,-96.87826224694035,33.22000418727188,-96.87815539901842,33.2199723076964,-96.8781556822442,33.21991696578496,-96.87826244094762,33.21996056888324             ,-96.87820894228764            ,                                                            ,                                                                                                    
KM 35                         ,                              ,                              ,                              ,33.219980663774464,-96.87826205293308,33.22003606684737,-96.87815511579265,33.22000418727188,-96.87815539901842,33.21994881477971,-96.87826224694035,33.21999243316836             ,-96.87820870367113            ,                                                            ,                                                                                                    
KM 34                         ,                              ,                              ,                              ,33.220012512769216,-96.87826185892581,33.22006794642285,-96.87815483256688,33.22003606684737,-96.87815511579265,33.219980663774464,-96.87826205293308,33.22002429745348             ,-96.8782084650546             ,                                                            ,                                                                                                    
KM 33                         ,                              ,                              ,                              ,33.22004436176397,-96.87826166491855,33.22009982599833,-96.8781545493411,33.22006794642285,-96.87815483256688,33.220012512769216,-96.87826185892581,33.22005616173859             ,-96.87820822643809            ,                                                            ,                                                                                                    
KM 32                         ,                              ,                              ,                              ,33.22007621075871,-96.87826147091128,33.22013170557382,-96.87815426611533,33.22009982599833,-96.8781545493411,33.22004436176397,-96.87826166491855,33.2200880260237              ,-96.87820798782157            ,                                                            ,                                                                                                    
KM 31                         ,                              ,                              ,                              ,33.220108059753464,-96.87826127690401,33.2201635851493,-96.87815398288956,33.22013170557382,-96.87815426611533,33.22007621075871,-96.87826147091128,33.22011989030882             ,-96.87820774920505            ,                                                            ,                                                                                                    
KM 30                         ,                              ,                              ,                              ,33.220139908748216,-96.87826108289676,33.22019546472478,-96.87815369966378,33.2201635851493,-96.87815398288956,33.220108059753464,-96.87826127690401,33.22015175459394             ,-96.87820751058854            ,                                                            ,                                                                                                    
KM 29                         ,                              ,                              ,                              ,33.22017175774297,-96.87826088888949,33.22022734430027,-96.87815341643802,33.22019546472478,-96.87815369966378,33.220139908748216,-96.87826108289676,33.22018361887906             ,-96.878207271972              ,                                                            ,                                                                                                    
KM 28                         ,                              ,                              ,                              ,33.22020360673772,-96.87826069488221,33.22025922387575,-96.87815313321225,33.22022734430027,-96.87815341643802,33.22017175774297,-96.87826088888949,33.220215483164175            ,-96.8782070333555             ,                                                            ,                                                                                                    
KM 27                         ,                              ,                              ,                              ,33.220235455732464,-96.87826050087494,33.22029110345123,-96.87815284998648,33.22025922387575,-96.87815313321225,33.22020360673772,-96.87826069488221,33.220247347449295            ,-96.87820679473897            ,                                                            ,                                                                                                    
KM 26                         ,                              ,                              ,                              ,33.220267304727216,-96.87826030686769,33.22032298302672,-96.8781525667607,33.22029110345123,-96.87815284998648,33.220235455732464,-96.87826050087494,33.22027921173441             ,-96.87820655612245            ,                                                            ,                                                                                                    
KM 25                         ,                              ,                              ,                              ,33.22029915372197,-96.87826011286042,33.2203548626022,-96.87815228353493,33.22032298302672,-96.8781525667607,33.220267304727216,-96.87826030686769,33.22031107601953             ,-96.87820631750593            ,                                                            ,                                                                                                    
KM 24                         ,                              ,                              ,                              ,33.21962181173105,-96.87832977604191,33.21956632106871,-96.8784461926813,33.21953399537436,-96.8784458558347,33.219589752790604,-96.87832921743393,33.21957797024118             ,-96.87838776049796            ,                                                            ,                                                                                                    
KM 23                         ,                              ,                              ,                              ,33.2196538706715,-96.87833033464989,33.21959864676307,-96.8784465295279,33.21956632106871,-96.8784461926813,33.21962181173105,-96.87832977604191,33.21961016255858             ,-96.87838820822526            ,                                                            ,                                                                                                    
KM 22                         ,                              ,                              ,                              ,33.219685929611956,-96.87833089325785,33.219630972457416,-96.8784468663745,33.21959864676307,-96.8784465295279,33.2196538706715,-96.87833033464989,33.21964235487599             ,-96.87838865595255            ,                                                            ,                                                                                                    
KM 21                         ,                              ,                              ,                              ,33.219717988552404,-96.87833145186583,33.21966329815177,-96.8784472032211,33.219630972457416,-96.8784468663745,33.219685929611956,-96.87833089325785,33.219674547193385            ,-96.87838910367981            ,                                                            ,                                                                                                    
KM 20                         ,                              ,                              ,                              ,33.21975004749285,-96.87833201047381,33.21969562384612,-96.8784475400677,33.21966329815177,-96.8784472032211,33.219717988552404,-96.87833145186583,33.219706739510784            ,-96.87838955140711            ,                                                            ,                                                                                                    
KM 19                         ,                              ,                              ,                              ,33.2197821064333,-96.87833256908179,33.21972794954048,-96.87844787691431,33.21969562384612,-96.8784475400677,33.21975004749285,-96.87833201047381,33.21973893182819             ,-96.8783899991344             ,                                                            ,                                                                                                    
KM 18                         ,                              ,                              ,                              ,33.21981416537375,-96.87833312768977,33.219760275234826,-96.8784482137609,33.21972794954048,-96.87844787691431,33.2197821064333,-96.87833256908179,33.21977112414558             ,-96.8783904468617             ,                                                            ,                                                                                                    
KM 17                         ,                              ,                              ,                              ,33.219846224314196,-96.87833368629774,33.21979260092918,-96.8784485506075,33.219760275234826,-96.8784482137609,33.21981416537375,-96.87833312768977,33.219803316462986            ,-96.87839089458897            ,                                                            ,                                                                                                    
KM 16                         ,                              ,                              ,                              ,33.219878283254644,-96.87833424490572,33.21982492662353,-96.87844888745411,33.21979260092918,-96.8784485506075,33.219846224314196,-96.87833368629774,33.21983550878039             ,-96.87839134231626            ,                                                            ,                                                                                                    
KM 15                         ,                              ,                              ,                              ,33.2199103421951,-96.8783348035137,33.21985725231789,-96.87844922430071,33.21982492662353,-96.87844888745411,33.219878283254644,-96.87833424490572,33.21986770109779             ,-96.87839179004355            ,                                                            ,                                                                                                    
KM 14                         ,                              ,                              ,                              ,33.21994240113555,-96.87833536212167,33.219889578012236,-96.8784495611473,33.21985725231789,-96.87844922430071,33.2199103421951,-96.8783348035137,33.219899893415196            ,-96.87839223777084            ,                                                            ,                                                                                                    
KM 13                         ,                              ,                              ,                              ,33.219974460075996,-96.87833592072965,33.21992190370659,-96.87844989799392,33.219889578012236,-96.8784495611473,33.21994240113555,-96.87833536212167,33.219932085732594            ,-96.87839268549814            ,                                                            ,                                                                                                    
KM 12                         ,                              ,                              ,                              ,33.220006519016444,-96.87833647933762,33.21995422940094,-96.87845023484051,33.21992190370659,-96.87844989799392,33.219974460075996,-96.87833592072965,33.21996427804999             ,-96.87839313322542            ,                                                            ,                                                                                                    
KM 11                         ,                              ,                              ,                              ,33.22003857795689,-96.8783370379456,33.21998655509529,-96.87845057168711,33.21995422940094,-96.87845023484051,33.220006519016444,-96.87833647933762,33.21999647036739             ,-96.87839358095272            ,                                                            ,                                                                                                    
KM 10                         ,                              ,                              ,                              ,33.22007063689735,-96.87833759655358,33.220018880789645,-96.87845090853371,33.21998655509529,-96.87845057168711,33.22003857795689,-96.8783370379456,33.2200286626848              ,-96.87839402867999            ,                                                            ,                                                                                                    
KM 9                          ,                              ,                              ,                              ,33.220102695837795,-96.87833815516156,33.220051206483994,-96.87845124538032,33.220018880789645,-96.87845090853371,33.22007063689735,-96.87833759655358,33.22006085500219             ,-96.8783944764073             ,                                                            ,                                                                                                    
KM 8                          ,                              ,                              ,                              ,33.22013475477824,-96.87833871376952,33.22008353217835,-96.87845158222692,33.220051206483994,-96.87845124538032,33.220102695837795,-96.87833815516156,33.220093047319594            ,-96.87839492413458            ,                                                            ,                                                                                                    
KM 7                          ,                              ,                              ,                              ,33.22016681371869,-96.8783392723775,33.2201158578727,-96.87845191907351,33.22008353217835,-96.87845158222692,33.22013475477824,-96.87833871376952,33.220125239637               ,-96.87839537186187            ,                                                            ,                                                                                                    
KM 6                          ,                              ,                              ,                              ,33.22019887265914,-96.87833983098548,33.220148183567055,-96.87845225592012,33.2201158578727,-96.87845191907351,33.22016681371869,-96.8783392723775,33.22015743195439             ,-96.87839581958914            ,                                                            ,                                                                                                    
KM 5                          ,                              ,                              ,                              ,33.22023093159959,-96.87834038959346,33.220180509261404,-96.87845259276672,33.220148183567055,-96.87845225592012,33.22019887265914,-96.87833983098548,33.220189624271796            ,-96.87839626731645            ,                                                            ,                                                                                                    
KM 4                          ,                              ,                              ,                              ,33.22026299054004,-96.87834094820144,33.22021283495576,-96.87845292961332,33.220180509261404,-96.87845259276672,33.22023093159959,-96.87834038959346,33.2202218165892              ,-96.87839671504373            ,                                                            ,                                                                                                    
KM 3                          ,                              ,                              ,                              ,33.22029504948049,-96.8783415068094,33.22024516065011,-96.87845326645991,33.22021283495576,-96.87845292961332,33.22026299054004,-96.87834094820144,33.2202540089066              ,-96.87839716277102            ,                                                            ,                                                                                                    
KM 2                          ,                              ,                              ,                              ,33.22032710842094,-96.87834206541739,33.220277486344465,-96.87845360330653,33.22024516065011,-96.87845326645991,33.22029504948049,-96.8783415068094,33.220286201224               ,-96.87839761049831            ,                                                            ,                                                                                                    
KM 1                          ,                              ,                              ,                              ,33.22035916736139,-96.87834262402536,33.22030981203881,-96.87845394015312,33.220277486344465,-96.87845360330653,33.22032710842094,-96.87834206541739,33.220318393541405            ,-96.8783980582256             ,                                                            ,                                                                                                    
K 107                         ,                              ,                              ,                              ,33.22087010071256,-96.87973992471765,33.220870672449905,-96.87980955932274,33.22084637635855,-96.87980905181455,33.22084553102737,-96.87973942651489,33.2208581701371              ,-96.87977449059247            ,                                                            ,                                                                                                    
K 106                         ,                              ,                              ,                              ,33.22089467039775,-96.87974042292042,33.22089496854126,-96.87981006683091,33.220870672449905,-96.87980955932274,33.22087010071256,-96.87973992471765,33.22088260302537             ,-96.87977499344794            ,                                                            ,                                                                                                    
K 105                         ,                              ,                              ,                              ,33.220919240082935,-96.87974092112319,33.22091926463262,-96.8798105743391,33.22089496854126,-96.87981006683091,33.22089467039775,-96.87974042292042,33.22090703591364             ,-96.8797754963034             ,                                                            ,                                                                                                    
K 104                         ,                              ,                              ,                              ,33.22094380976813,-96.87974141932597,33.220943560723974,-96.8798110818473,33.22091926463262,-96.8798105743391,33.220919240082935,-96.87974092112319,33.220931468801915            ,-96.8797759991589             ,                                                            ,                                                                                                    
K 103                         ,                              ,                              ,                              ,33.22096837945332,-96.87974191752873,33.22096785681533,-96.87981158935548,33.220943560723974,-96.8798110818473,33.22094380976813,-96.87974141932597,33.22095590169019             ,-96.87977650201437            ,                                                            ,                                                                                                    
K 102                         ,                              ,                              ,                              ,33.220992949138505,-96.8797424157315,33.22099215290669,-96.87981209686367,33.22096785681533,-96.87981158935548,33.22096837945332,-96.87974191752873,33.220980334578464            ,-96.87977700486985            ,                                                            ,                                                                                                    
K 101                         ,                              ,                              ,                              ,33.22101751882369,-96.87974291393427,33.22101644899804,-96.87981260437185,33.22099215290669,-96.87981209686367,33.220992949138505,-96.8797424157315,33.22100476746674             ,-96.87977750772532            ,                                                            ,                                                                                                    
K 100                         ,                              ,                              ,                              ,33.22104208850888,-96.87974341213703,33.2210407450894,-96.87981311188004,33.22101644899804,-96.87981260437185,33.22101751882369,-96.87974291393427,33.221029200355005            ,-96.8797780105808             ,                                                            ,                                                                                                    
K 99                          ,                              ,                              ,                              ,33.221090785531395,-96.87960251203417,33.22103097408855,-96.87960550137046,33.221031183617164,-96.8796353690946,33.221091206250655,-96.87963201633333,33.22106103737194             ,-96.87961884970815            ,                                                            ,                                                                                                    
K 98                          ,                              ,                              ,                              ,33.221090364812135,-96.879573007735,33.22103076455994,-96.87957563364634,33.22103097408855,-96.87960550137046,33.221090785531395,-96.87960251203417,33.221060722248005            ,-96.8795891636965             ,                                                            ,                                                                                                    
K 97                          ,                              ,                              ,                              ,33.221089944092874,-96.87954350343584,33.22103055503133,-96.8795457659222,33.22103076455994,-96.87957563364634,33.221090364812135,-96.879573007735,33.22106040712407             ,-96.87955947768485            ,                                                            ,                                                                                                    
K 96                          ,                              ,                              ,                              ,33.221089523373614,-96.87951399913668,33.22103034550271,-96.87951589819806,33.22103055503133,-96.8795457659222,33.221089944092874,-96.87954350343584,33.22106009200013             ,-96.8795297916732             ,                                                            ,                                                                                                    
K 95                          ,                              ,                              ,                              ,33.221089102654354,-96.87948449483751,33.2210301359741,-96.87948603047393,33.22103034550271,-96.87951589819806,33.221089523373614,-96.87951399913668,33.221059776876196            ,-96.87950010566155            ,                                                            ,                                                                                                    
K 94                          ,                              ,                              ,                              ,33.221088681935086,-96.87945499053835,33.22102992644548,-96.87945616274979,33.2210301359741,-96.87948603047393,33.221089102654354,-96.87948449483751,33.221059461752255            ,-96.87947041964989            ,                                                            ,                                                                                                    
K 93                          ,                              ,                              ,                              ,33.221088261215826,-96.87942548623919,33.221029716916874,-96.87942629502567,33.22102992644548,-96.87945616274979,33.221088681935086,-96.87945499053835,33.22105914662832             ,-96.87944073363825            ,                                                            ,                                                                                                    
K 92                          ,                              ,                              ,                              ,33.221087840496565,-96.87939598194002,33.22102950738826,-96.87939642730153,33.221029716916874,-96.87942629502567,33.221088261215826,-96.87942548623919,33.22105883150438             ,-96.8794110476266             ,                                                            ,                                                                                                    
K 91                          ,                              ,                              ,                              ,33.221087419777305,-96.87936647764086,33.221029297859644,-96.87936655957739,33.22102950738826,-96.87939642730153,33.221087840496565,-96.87939598194002,33.22105851638044             ,-96.87938136161495            ,                                                            ,                                                                                                    
K 90                          ,                              ,                              ,                              ,33.221086999058045,-96.8793369733417,33.221029088331036,-96.87933669185327,33.221029297859644,-96.87936655957739,33.221087419777305,-96.87936647764086,33.22105820125651             ,-96.8793516756033             ,                                                            ,                                                                                                    
K 89                          ,                              ,                              ,                              ,33.221086578338785,-96.87930746904253,33.22102887880242,-96.87930682412913,33.221029088331036,-96.87933669185327,33.221086999058045,-96.8793369733417,33.22105788613257             ,-96.87932198959166            ,                                                            ,                                                                                                    
K 88                          ,                              ,                              ,                              ,33.221086157619524,-96.87927796474337,33.22102866927381,-96.879276956405,33.22102887880242,-96.87930682412913,33.221086578338785,-96.87930746904253,33.22105757100863             ,-96.87929230358               ,                                                            ,                                                                                                    
K 87                          ,                              ,                              ,                              ,33.22107690179388,-96.8792072214806,33.22102529354245,-96.87922985261916,33.22103286649531,-96.87925784817575,33.221085035701456,-96.87923571995138,33.221055024383276            ,-96.87923266055672            ,                                                            ,                                                                                                    
K 86                          ,                              ,                              ,                              ,33.22106876788631,-96.87917872300982,33.2210177205896,-96.87920185706257,33.22102529354245,-96.87922985261916,33.22107690179388,-96.8792072214806,33.22104717095306             ,-96.87920441354304            ,                                                            ,                                                                                                    
K 85                          ,                              ,                              ,                              ,33.22106063397874,-96.87915022453903,33.221010147636754,-96.87917386150598,33.2210177205896,-96.87920185706257,33.22106876788631,-96.87917872300982,33.22103931752285             ,-96.87917616652935            ,                                                            ,                                                                                                    
K 84                          ,                              ,                              ,                              ,33.22105250007116,-96.87912172606825,33.2210025746839,-96.87914586594938,33.221010147636754,-96.87917386150598,33.22106063397874,-96.87915022453903,33.22103146409264             ,-96.87914791951566            ,                                                            ,                                                                                                    
K 74                          ,                              ,                              ,                              ,33.22084513260808,-96.87862986741872,33.22089952227094,-96.87860704535309,33.220890997208066,-96.8785787494385,33.2208365304944,-96.87860204807161,33.220868045645375            ,-96.8786044275705             ,                                                            ,                                                                                                    
K 75                          ,                              ,                              ,                              ,33.22085373472176,-96.87865768676583,33.220908047333815,-96.87863534126768,33.22089952227094,-96.87860704535309,33.22084513260808,-96.87862986741872,33.22087660923365             ,-96.87863248520134            ,                                                            ,                                                                                                    
K 76                          ,                              ,                              ,                              ,33.22086233683544,-96.87868550611294,33.220916572396696,-96.87866363718229,33.220908047333815,-96.87863534126768,33.22085373472176,-96.87865768676583,33.22088517282192             ,-96.8786605428322             ,                                                            ,                                                                                                    
K 77                          ,                              ,                              ,                              ,33.22087093894911,-96.87871332546005,33.22092509745957,-96.87869193309687,33.220916572396696,-96.87866363718229,33.22086233683544,-96.87868550611294,33.220893736410204            ,-96.87868860046304            ,                                                            ,                                                                                                    
K 78                          ,                              ,                              ,                              ,33.22087954106279,-96.87874114480718,33.220933622522445,-96.87872022901146,33.22092509745957,-96.87869193309687,33.22087093894911,-96.87871332546005,33.22090229999848             ,-96.8787166580939             ,                                                            ,                                                                                                    
K 79                          ,                              ,                              ,                              ,33.220888143176474,-96.87876896415429,33.22094214758532,-96.87874852492605,33.220933622522445,-96.87872022901146,33.22087954106279,-96.87874114480718,33.22091086358676             ,-96.87874471572475            ,                                                            ,                                                                                                    
K 80                          ,                              ,                              ,                              ,33.22089674529015,-96.8787967835014,33.22095067264819,-96.87877682084064,33.22094214758532,-96.87874852492605,33.220888143176474,-96.87876896415429,33.22091942717503             ,-96.87877277335559            ,                                                            ,                                                                                                    
K 81                          ,                              ,                              ,                              ,33.22090534740383,-96.87882460284851,33.220959197711075,-96.87880511675525,33.22095067264819,-96.87877682084064,33.22089674529015,-96.8787967835014,33.220927990763315            ,-96.87880083098645            ,                                                            ,                                                                                                    
K 82                          ,                              ,                              ,                              ,33.2209139495175,-96.87885242219562,33.22096772277395,-96.87883341266983,33.220959197711075,-96.87880511675525,33.22090534740383,-96.87882460284851,33.22093655435159             ,-96.8788288886173             ,                                                            ,                                                                                                    
K 83                          ,                              ,                              ,                              ,33.22092255163118,-96.87888024154273,33.22097624783682,-96.87886170858442,33.22096772277395,-96.87883341266983,33.2209139495175,-96.87885242219562,33.22094511793986             ,-96.87885694624815            ,                                                            ,                                                                                                    
K73                           ,                              ,                              ,                              ,33.22115571651173,-96.87926254204153,33.22115571651173,-96.87924175492167,33.221209568519335,-96.87924175492167,33.221209568519335,-96.87926254204153,33.22118264251553             ,-96.8792521484816             ,                                                            ,                                                                                                    
K 72                          ,                              ,                              ,                              ,33.22112340528973,-96.87913097968935,33.22117666132389,-96.87910607858218,33.221168057599726,-96.879076128515,33.221115327484235,-96.8791036211574,33.221145862924395            ,-96.87910420198598            ,                                                            ,                                                                                                    
K 71                          ,                              ,                              ,                              ,33.221131483095235,-96.8791583382213,33.22118526504805,-96.87913602864937,33.22117666132389,-96.87910607858218,33.22112340528973,-96.87913097968935,33.221154203689224            ,-96.87913285628555            ,                                                            ,                                                                                                    
K 70                          ,                              ,                              ,                              ,33.22113956090073,-96.87918569675325,33.22119386877222,-96.87916597871657,33.22118526504805,-96.87913602864937,33.221131483095235,-96.8791583382213,33.22116254445406             ,-96.87916151058513            ,                                                            ,                                                                                                    
K 69                          ,                              ,                              ,                              ,33.221147638706235,-96.8792130552852,33.22120247249638,-96.87919592878376,33.22119386877222,-96.87916597871657,33.22113956090073,-96.87918569675325,33.22117088521889             ,-96.8791901648847             ,                                                            ,                                                                                                    
K 68                          ,                              ,                              ,                              ,33.22115571651173,-96.87924041381716,33.22121107622054,-96.87922587885095,33.22120247249638,-96.87919592878376,33.221147638706235,-96.8792130552852,33.221179225983725            ,-96.87921881918427            ,                                                            ,                                                                                                    
K 59                          ,                              ,                              ,                              ,33.22115514972803,-96.87950881848118,33.221213489401826,-96.87950881848118,33.221213489401826,-96.87953906783841,33.22115514972803,-96.87953906783841,33.22118431956493             ,-96.8795239431598             ,                                                            ,                                                                                                    
K 60                          ,                              ,                              ,                              ,33.22115514972803,-96.87947856912396,33.221213489401826,-96.87947856912396,33.221213489401826,-96.87950881848118,33.22115514972803,-96.87950881848118,33.22118431956493             ,-96.87949369380257            ,                                                            ,                                                                                                    
K 61                          ,                              ,                              ,                              ,33.22115514972803,-96.87944831976674,33.221213489401826,-96.87944831976674,33.221213489401826,-96.87947856912396,33.22115514972803,-96.87947856912396,33.22118431956493             ,-96.87946344444535            ,                                                            ,                                                                                                    
K 62                          ,                              ,                              ,                              ,33.22115514972803,-96.87941807040951,33.221213489401826,-96.87941807040951,33.221213489401826,-96.87944831976674,33.22115514972803,-96.87944831976674,33.22118431956493             ,-96.87943319508813            ,                                                            ,                                                                                                    
K 63                          ,                              ,                              ,                              ,33.22115514972803,-96.87938782105229,33.221213489401826,-96.87938782105229,33.221213489401826,-96.87941807040951,33.22115514972803,-96.87941807040951,33.22118431956493             ,-96.8794029457309             ,                                                            ,                                                                                                    
K 64                          ,                              ,                              ,                              ,33.22115514972803,-96.87935757169507,33.221213489401826,-96.87935757169507,33.221213489401826,-96.87938782105229,33.22115514972803,-96.87938782105229,33.22118431956493             ,-96.87937269637368            ,                                                            ,                                                                                                    
K 65                          ,                              ,                              ,                              ,33.22115514972803,-96.87932732233784,33.221213489401826,-96.87932732233784,33.221213489401826,-96.87935757169507,33.22115514972803,-96.87935757169507,33.22118431956493             ,-96.87934244701646            ,                                                            ,                                                                                                    
K 66                          ,                              ,                              ,                              ,33.22115514972803,-96.87929707298062,33.221213489401826,-96.87929707298062,33.221213489401826,-96.87932732233784,33.22115514972803,-96.87932732233784,33.22118431956493             ,-96.87931219765923            ,                                                            ,                                                                                                    
K 67                          ,                              ,                              ,                              ,33.22115514972803,-96.8792668236234,33.221213489401826,-96.8792668236234,33.221213489401826,-96.87929707298062,33.22115514972803,-96.87929707298062,33.22118431956493             ,-96.87928194830201            ,                                                            ,                                                                                                    
K 56                          ,                              ,                              ,                              ,33.221161320272216,-96.87983701655648,33.22121685515097,-96.87983701655648,33.22121685515097,-96.87986629733822,33.221161320272216,-96.87986629733822,33.22118908771159             ,-96.87985165694735            ,                                                            ,                                                                                                    
K 57                          ,                              ,                              ,                              ,33.221161320272216,-96.87980773577473,33.22121685515097,-96.87980773577473,33.22121685515097,-96.87983701655648,33.221161320272216,-96.87983701655648,33.22118908771159             ,-96.8798223761656             ,                                                            ,                                                                                                    
K 58                          ,                              ,                              ,                              ,33.221161320272216,-96.87977845499299,33.22121685515097,-96.87977845499299,33.22121685515097,-96.87980773577473,33.221161320272216,-96.87980773577473,33.22118908771159             ,-96.87979309538386            ,                                                            ,                                                                                                    
K 33                          ,                              ,                              ,                              ,33.22073667355781,-96.8799746287801,33.220736611229086,-96.87989706823609,33.220711430358826,-96.87989781329415,33.220711430358826,-96.87997559735558,33.22072403637613             ,-96.87993627691648            ,                                                            ,                                                                                                    
K 34                          ,                              ,                              ,                              ,33.22076191675679,-96.87997366020463,33.22076179209934,-96.87989632317803,33.220736611229086,-96.87989706823609,33.22073667355781,-96.8799746287801,33.220749248410755            ,-96.87993542009971            ,                                                            ,                                                                                                    
K 35                          ,                              ,                              ,                              ,33.22078715995577,-96.87997269162915,33.2207869729696,-96.87989557811997,33.22076179209934,-96.87989632317803,33.22076191675679,-96.87997366020463,33.22077446044538             ,-96.87993456328294            ,                                                            ,                                                                                                    
K 36                          ,                              ,                              ,                              ,33.22081240315475,-96.87997172305367,33.22081215383985,-96.87989483306191,33.2207869729696,-96.87989557811997,33.22078715995577,-96.87997269162915,33.22079967247999             ,-96.87993370646618            ,                                                            ,                                                                                                    
K 37                          ,                              ,                              ,                              ,33.220837646353736,-96.8799707544782,33.22083733471011,-96.87989408800385,33.22081215383985,-96.87989483306191,33.22081240315475,-96.87997172305367,33.22082488451461             ,-96.8799328496494             ,                                                            ,                                                                                                    
K 38                          ,                              ,                              ,                              ,33.22086288955272,-96.87996978590272,33.220862515580365,-96.87989334294579,33.22083733471011,-96.87989408800385,33.220837646353736,-96.8799707544782,33.220850096549235            ,-96.87993199283264            ,                                                            ,                                                                                                    
K 39                          ,                              ,                              ,                              ,33.220888132751696,-96.87996881732724,33.220887696450625,-96.87989259788773,33.220862515580365,-96.87989334294579,33.22086288955272,-96.87996978590272,33.22087530858386             ,-96.87993113601587            ,                                                            ,                                                                                                    
K 40                          ,                              ,                              ,                              ,33.22091337595068,-96.87996784875176,33.22091287732088,-96.87989185282967,33.220887696450625,-96.87989259788773,33.220888132751696,-96.87996881732724,33.22090052061847             ,-96.8799302791991             ,                                                            ,                                                                                                    
K 41                          ,                              ,                              ,                              ,33.22093861914966,-96.87996688017628,33.22093805819114,-96.87989110777161,33.22091287732088,-96.87989185282967,33.22091337595068,-96.87996784875176,33.22092573265309             ,-96.87992942238233            ,                                                            ,                                                                                                    
K 42                          ,                              ,                              ,                              ,33.22096386234865,-96.8799659116008,33.2209632390614,-96.87989036271355,33.22093805819114,-96.87989110777161,33.22093861914966,-96.87996688017628,33.220950944687715            ,-96.87992856556556            ,                                                            ,                                                                                                    
K 43                          ,                              ,                              ,                              ,33.22098910554763,-96.87996494302533,33.22098841993165,-96.8798896176555,33.2209632390614,-96.87989036271355,33.22096386234865,-96.8799659116008,33.22097615672233             ,-96.8799277087488             ,                                                            ,                                                                                                    
K 44                          ,                              ,                              ,                              ,33.22101434874661,-96.87996397444985,33.22101360080191,-96.87988887259743,33.22098841993165,-96.8798896176555,33.22098910554763,-96.87996494302533,33.22100136875695             ,-96.87992685193203            ,                                                            ,                                                                                                    
K 45                          ,                              ,                              ,                              ,33.22103959194559,-96.87996300587437,33.22103878167216,-96.87988812753937,33.22101360080191,-96.87988887259743,33.22101434874661,-96.87996397444985,33.22102658079157             ,-96.87992599511526            ,                                                            ,                                                                                                    
K 46                          ,                              ,                              ,                              ,33.221064835144574,-96.8799620372989,33.221063962542424,-96.87988738248131,33.22103878167216,-96.87988812753937,33.22103959194559,-96.87996300587437,33.22105179282619             ,-96.87992513829849            ,                                                            ,                                                                                                    
K 47                          ,                              ,                              ,                              ,33.22109007834356,-96.87996106872342,33.22108914341268,-96.87988663742325,33.221063962542424,-96.87988738248131,33.221064835144574,-96.8799620372989,33.22107700486081             ,-96.87992428148172            ,                                                            ,                                                                                                    
K 48                          ,                              ,                              ,                              ,33.221115321542534,-96.87996010014794,33.22111432428294,-96.8798858923652,33.22108914341268,-96.87988663742325,33.22109007834356,-96.87996106872342,33.22110221689543             ,-96.87992342466495            ,                                                            ,                                                                                                    
K 49                          ,                              ,                              ,                              ,33.22114056474152,-96.87995913157246,33.22113950515319,-96.87988514730714,33.22111432428294,-96.8798858923652,33.221115321542534,-96.87996010014794,33.221127428930046            ,-96.87992256784818            ,                                                            ,                                                                                                    
K 50                          ,                              ,                              ,                              ,33.2211658079405,-96.87995816299699,33.22116468602345,-96.87988440224908,33.22113950515319,-96.87988514730714,33.22114056474152,-96.87995913157246,33.22115264096466             ,-96.87992171103141            ,                                                            ,                                                                                                    
K 26                          ,                              ,                              ,                              ,33.22066632610863,-96.8793354238662,33.22072044422722,-96.87936284926484,33.22072697624911,-96.87932994127847,33.22067297650166,-96.87930151820183,33.22069668077165             ,-96.87933243315283            ,                                                            ,                                                                                                    
K 27                          ,                              ,                              ,                              ,33.22065967571559,-96.87936932953056,33.22071391220532,-96.87939575725122,33.22072044422722,-96.87936284926484,33.22066632610863,-96.8793354238662,33.22069008956419             ,-96.87936583997819            ,                                                            ,                                                                                                    
K 28                          ,                              ,                              ,                              ,33.220653025322555,-96.87940323519493,33.22070738018343,-96.87942866523758,33.22071391220532,-96.87939575725122,33.22065967571559,-96.87936932953056,33.22068349835672             ,-96.87939924680357            ,                                                            ,                                                                                                    
K 29                          ,                              ,                              ,                              ,33.22064637492952,-96.87943714085928,33.22070084816153,-96.87946157322395,33.22070738018343,-96.87942866523758,33.220653025322555,-96.87940323519493,33.220676907149254            ,-96.87943265362892            ,                                                            ,                                                                                                    
K 30                          ,                              ,                              ,                              ,33.22063972453649,-96.87947104652365,33.220694316139635,-96.87949448121032,33.22070084816153,-96.87946157322395,33.22064637492952,-96.87943714085928,33.220670315941796            ,-96.87946606045429            ,                                                            ,                                                                                                    
K 31                          ,                              ,                              ,                              ,33.22063307414345,-96.87950495218801,33.220687784117736,-96.8795273891967,33.220694316139635,-96.87949448121032,33.22063972453649,-96.87947104652365,33.22066372473432             ,-96.87949946727967            ,                                                            ,                                                                                                    
K 32                          ,                              ,                              ,                              ,33.22062642375042,-96.87953885785238,33.220681252095844,-96.87956029718306,33.220687784117736,-96.8795273891967,33.22063307414345,-96.87950495218801,33.22065713352686             ,-96.87953287410504            ,                                                            ,                                                                                                    
K 25                          ,                              ,                              ,                              ,33.22072636450454,-96.87921757314756,33.220672862630366,-96.87924045865319,33.22068079816858,-96.87926921640259,33.22073426874611,-96.87924612224676,33.220703573512395            ,-96.87924334261251            ,                                                            ,                                                                                                    
K 24                          ,                              ,                              ,                              ,33.22071846026299,-96.87918902404836,33.22066492709215,-96.87921170090378,33.220672862630366,-96.87924045865319,33.22072636450454,-96.87921757314756,33.22069565362251             ,-96.87921468918822            ,                                                            ,                                                                                                    
K 23                          ,                              ,                              ,                              ,33.22071055602142,-96.87916047494916,33.22065699155393,-96.87918294315439,33.22066492709215,-96.87921170090378,33.22071846026299,-96.87918902404836,33.220687733732625            ,-96.87918603576392            ,                                                            ,                                                                                                    
K 22                          ,                              ,                              ,                              ,33.22070265177986,-96.87913192584996,33.220649056015716,-96.87915418540499,33.22065699155393,-96.87918294315439,33.22071055602142,-96.87916047494916,33.220679813842736            ,-96.87915738233963            ,                                                            ,                                                                                                    
K 21                          ,                              ,                              ,                              ,33.220694747538296,-96.87910337675076,33.2206411204775,-96.87912542765558,33.220649056015716,-96.87915418540499,33.22070265177986,-96.87913192584996,33.22067189395284             ,-96.87912872891532            ,                                                            ,                                                                                                    
K 20                          ,                              ,                              ,                              ,33.22068684329674,-96.87907482765156,33.22063318493929,-96.87909666990618,33.2206411204775,-96.87912542765558,33.220694747538296,-96.87910337675076,33.22066397406295             ,-96.87910007549102            ,                                                            ,                                                                                                    
K 19                          ,                              ,                              ,                              ,33.220678939055176,-96.87904627855237,33.220625249401074,-96.87906791215677,33.22063318493929,-96.87909666990618,33.22068684329674,-96.87907482765156,33.22065605417307             ,-96.87907142206672            ,                                                            ,                                                                                                    
K 18                          ,                              ,                              ,                              ,33.22067103481361,-96.87901772945317,33.22061731386285,-96.87903915440738,33.220625249401074,-96.87906791215677,33.220678939055176,-96.87904627855237,33.22064813428318             ,-96.87904276864242            ,                                                            ,                                                                                                    
K 17                          ,                              ,                              ,                              ,33.220663130572056,-96.87898918035397,33.22060937832464,-96.87901039665797,33.22061731386285,-96.87903915440738,33.22067103481361,-96.87901772945317,33.22064021439329             ,-96.87901411521813            ,                                                            ,                                                                                                    
K 16                          ,                              ,                              ,                              ,33.22065522633049,-96.87896063125477,33.220601442786425,-96.87898163890857,33.22060937832464,-96.87901039665797,33.220663130572056,-96.87898918035397,33.2206322945034              ,-96.87898546179383            ,                                                            ,                                                                                                    
K 15                          ,                              ,                              ,                              ,33.22064732208893,-96.87893208215557,33.22059350724821,-96.87895288115917,33.220601442786425,-96.87898163890857,33.22065522633049,-96.87896063125477,33.22062437461352             ,-96.87895680836951            ,                                                            ,                                                                                                    
K 14                          ,                              ,                              ,                              ,33.220639417847366,-96.87890353305637,33.22058557171,-96.87892412340976,33.22059350724821,-96.87895288115917,33.22064732208893,-96.87893208215557,33.220616454723626            ,-96.87892815494523            ,                                                            ,                                                                                                    
K 13                          ,                              ,                              ,                              ,33.22063151360581,-96.87887498395719,33.220577636171775,-96.87889536566037,33.22058557171,-96.87892412340976,33.220639417847366,-96.87890353305637,33.22060853483374             ,-96.87889950152092            ,                                                            ,                                                                                                    
K 12                          ,                              ,                              ,                              ,33.220623609364246,-96.87884643485799,33.22056970063356,-96.87886660791096,33.220577636171775,-96.87889536566037,33.22063151360581,-96.87887498395719,33.22060061494385             ,-96.87887084809662            ,                                                            ,                                                                                                    
K 11                          ,                              ,                              ,                              ,33.22061570512268,-96.87881788575879,33.22056176509535,-96.87883785016156,33.22056970063356,-96.87886660791096,33.220623609364246,-96.87884643485799,33.22059269505396             ,-96.87884219467233            ,                                                            ,                                                                                                    
K 10                          ,                              ,                              ,                              ,33.22060780088112,-96.8787893366596,33.22055382955713,-96.87880909241215,33.22056176509535,-96.87883785016156,33.22061570512268,-96.87881788575879,33.22058477516407             ,-96.87881354124802            ,                                                            ,                                                                                                    
K 9                           ,                              ,                              ,                              ,33.22059989663956,-96.8787607875604,33.22054589401892,-96.87878033466275,33.22055382955713,-96.87880909241215,33.22060780088112,-96.8787893366596,33.22057685527418             ,-96.87878488782371            ,                                                            ,                                                                                                    
K 8                           ,                              ,                              ,                              ,33.220591992398,-96.8787322384612,33.2205379584807,-96.87875157691336,33.22054589401892,-96.87878033466275,33.22059989663956,-96.8787607875604,33.22056893538429             ,-96.87875623439942            ,                                                            ,                                                                                                    
K 7                           ,                              ,                              ,                              ,33.220584088156436,-96.878703689362,33.220530022942484,-96.87872281916395,33.2205379584807,-96.87875157691336,33.220591992398,-96.8787322384612,33.220561015494404            ,-96.87872758097512            ,                                                            ,                                                                                                    
K 6                           ,                              ,                              ,                              ,33.22057618391488,-96.8786751402628,33.22052208740427,-96.87869406141455,33.220530022942484,-96.87872281916395,33.220584088156436,-96.878703689362,33.220553095604515            ,-96.87869892755083            ,                                                            ,                                                                                                    
K 5                           ,                              ,                              ,                              ,33.220568279673316,-96.8786465911636,33.220514151866055,-96.87866530366514,33.22052208740427,-96.87869406141455,33.22057618391488,-96.8786751402628,33.22054517571463             ,-96.87867027412653            ,                                                            ,                                                                                                    
K 4                           ,                              ,                              ,                              ,33.22056037543175,-96.8786180420644,33.22050621632784,-96.87863654591574,33.220514151866055,-96.87866530366514,33.220568279673316,-96.8786465911636,33.22053725582474             ,-96.87864162070221            ,                                                            ,                                                                                                    
K 3                           ,                              ,                              ,                              ,33.22055247119019,-96.8785894929652,33.22049828078962,-96.87860778816635,33.22050621632784,-96.87863654591574,33.22056037543175,-96.8786180420644,33.22052933593485             ,-96.87861296727792            ,                                                            ,                                                                                                    
K 2                           ,                              ,                              ,                              ,33.22054456694863,-96.878560943866,33.220490345251406,-96.87857903041694,33.22049828078962,-96.87860778816635,33.22055247119019,-96.8785894929652,33.22052141604496             ,-96.87858431385362            ,                                                            ,                                                                                                    
K 1                           ,                              ,                              ,                              ,33.22053666270707,-96.87853239476681,33.22048240971319,-96.87855027266754,33.220490345251406,-96.87857903041694,33.22054456694863,-96.878560943866,33.22051349615508             ,-96.87855566042933            ,                                                            ,                                                                                                    
G 94                          ,                              ,                              ,                              ,33.23069765496951,-96.86018486290598,33.23069765496951,-96.86025460034037,33.230671453067956,-96.86025460034037,33.230671453067956,-96.86018486290598,33.23068455401874             ,-96.86021973162318            ,                                                            ,                                                                                                    
G 93                          ,                              ,                              ,                              ,33.230723856871066,-96.86018486290598,33.230723856871066,-96.86025460034037,33.23069765496951,-96.86025460034037,33.23069765496951,-96.86018486290598,33.230710755920285            ,-96.86021973162318            ,                                                            ,                                                                                                    
G 92                          ,                              ,                              ,                              ,33.23075005877262,-96.86018486290598,33.23075005877262,-96.86025460034037,33.230723856871066,-96.86025460034037,33.230723856871066,-96.86018486290598,33.23073695782185             ,-96.86021973162318            ,                                                            ,                                                                                                    
G 91                          ,                              ,                              ,                              ,33.23077626067417,-96.86018486290598,33.23077626067417,-96.86025460034037,33.23075005877262,-96.86025460034037,33.23075005877262,-96.86018486290598,33.230763159723395            ,-96.86021973162318            ,                                                            ,                                                                                                    
G 90                          ,                              ,                              ,                              ,33.230802462575724,-96.86018486290598,33.230802462575724,-96.86025460034037,33.23077626067417,-96.86025460034037,33.23077626067417,-96.86018486290598,33.23078936162494             ,-96.86021973162318            ,                                                            ,                                                                                                    
G 89                          ,                              ,                              ,                              ,33.23082866447728,-96.86018486290598,33.23082866447728,-96.86025460034037,33.230802462575724,-96.86025460034037,33.230802462575724,-96.86018486290598,33.230815563526505            ,-96.86021973162318            ,                                                            ,                                                                                                    
G 88                          ,                              ,                              ,                              ,33.230854866378834,-96.86018486290598,33.230854866378834,-96.86025460034037,33.23082866447728,-96.86025460034037,33.23082866447728,-96.86018486290598,33.23084176542806             ,-96.86021973162318            ,                                                            ,                                                                                                    
G 86                          ,                              ,                              ,                              ,33.23072866460071,-96.8600395542326,33.23078251071501,-96.8600395542326,33.23078251071501,-96.86006952791834,33.23072866460071,-96.86006952791834,33.23075558765786             ,-96.86005454107547            ,                                                            ,                                                                                                    
G 85                          ,                              ,                              ,                              ,33.23072866460071,-96.86000958054686,33.23078251071501,-96.86000958054686,33.23078251071501,-96.8600395542326,33.23072866460071,-96.8600395542326,33.23075558765786             ,-96.86002456738973            ,                                                            ,                                                                                                    
G 84                          ,                              ,                              ,                              ,33.23072866460071,-96.85997960686112,33.23078251071501,-96.85997960686112,33.23078251071501,-96.86000958054686,33.23072866460071,-96.86000958054686,33.23075558765786             ,-96.85999459370399            ,                                                            ,                                                                                                    
G 83                          ,                              ,                              ,                              ,33.23072866460071,-96.85994963317538,33.23078251071501,-96.85994963317538,33.23078251071501,-96.85997960686112,33.23072866460071,-96.85997960686112,33.23075558765786             ,-96.85996462001825            ,                                                            ,                                                                                                    
G 82                          ,                              ,                              ,                              ,33.23072866460071,-96.85991965948963,33.23078251071501,-96.85991965948963,33.23078251071501,-96.85994963317538,33.23072866460071,-96.85994963317538,33.23075558765786             ,-96.8599346463325             ,                                                            ,                                                                                                    
G 81                          ,                              ,                              ,                              ,33.23072866460071,-96.85988968580389,33.23078251071501,-96.85988968580389,33.23078251071501,-96.85991965948963,33.23072866460071,-96.85991965948963,33.23075558765786             ,-96.85990467264676            ,                                                            ,                                                                                                    
G 80                          ,                              ,                              ,                              ,33.23072866460071,-96.85985971211815,33.23078251071501,-96.85985971211815,33.23078251071501,-96.85988968580389,33.23072866460071,-96.85988968580389,33.23075558765786             ,-96.85987469896102            ,                                                            ,                                                                                                    
G 79                          ,                              ,                              ,                              ,33.23072866460071,-96.85982973843241,33.23078251071501,-96.85982973843241,33.23078251071501,-96.85985971211815,33.23072866460071,-96.85985971211815,33.23075558765786             ,-96.85984472527528            ,                                                            ,                                                                                                    
G 78                          ,                              ,                              ,                              ,33.23072866460071,-96.85979976474667,33.23078251071501,-96.85979976474667,33.23078251071501,-96.85982973843241,33.23072866460071,-96.85982973843241,33.23075558765786             ,-96.85981475158954            ,                                                            ,                                                                                                    
G 77                          ,                              ,                              ,                              ,33.23072866460071,-96.85976979106093,33.23078251071501,-96.85976979106093,33.23078251071501,-96.85979976474667,33.23072866460071,-96.85979976474667,33.23075558765786             ,-96.8597847779038             ,                                                            ,                                                                                                    
G 76                          ,                              ,                              ,                              ,33.23073146908666,-96.85953509777212,33.23078755878651,-96.85953509777212,33.23078755878651,-96.85956527262354,33.23073146908666,-96.85956527262354,33.23075951393659             ,-96.85955018519783            ,                                                            ,                                                                                                    
G 75                          ,                              ,                              ,                              ,33.23073146908666,-96.8595049229207,33.23078755878651,-96.8595049229207,33.23078755878651,-96.85953509777212,33.23073146908666,-96.85953509777212,33.23075951393659             ,-96.85952001034642            ,                                                            ,                                                                                                    
G 74                          ,                              ,                              ,                              ,33.23073146908666,-96.85947474806929,33.23078755878651,-96.85947474806929,33.23078755878651,-96.8595049229207,33.23073146908666,-96.8595049229207,33.23075951393659             ,-96.859489835495              ,                                                            ,                                                                                                    
G 73                          ,                              ,                              ,                              ,33.23073146908666,-96.85944457321787,33.23078755878651,-96.85944457321787,33.23078755878651,-96.85947474806929,33.23073146908666,-96.85947474806929,33.23075951393659             ,-96.85945966064358            ,                                                            ,                                                                                                    
G 72                          ,                              ,                              ,                              ,33.23073146908666,-96.85941439836645,33.23078755878651,-96.85941439836645,33.23078755878651,-96.85944457321787,33.23073146908666,-96.85944457321787,33.23075951393659             ,-96.85942948579216            ,                                                            ,                                                                                                    
G 71                          ,                              ,                              ,                              ,33.23073146908666,-96.85938422351504,33.23078755878651,-96.85938422351504,33.23078755878651,-96.85941439836645,33.23073146908666,-96.85941439836645,33.23075951393659             ,-96.85939931094074            ,                                                            ,                                                                                                    
G 70                          ,                              ,                              ,                              ,33.23073146908666,-96.85935404866362,33.23078755878651,-96.85935404866362,33.23078755878651,-96.85938422351504,33.23073146908666,-96.85938422351504,33.23075951393659             ,-96.85936913608933            ,                                                            ,                                                                                                    
G 69                          ,                              ,                              ,                              ,33.23073146908666,-96.8593238738122,33.23078755878651,-96.8593238738122,33.23078755878651,-96.85935404866362,33.23073146908666,-96.85935404866362,33.23075951393659             ,-96.85933896123791            ,                                                            ,                                                                                                    
G 68                          ,                              ,                              ,                              ,33.23073146908666,-96.85929369896078,33.23078755878651,-96.85929369896078,33.23078755878651,-96.8593238738122,33.23073146908666,-96.8593238738122,33.23075951393659             ,-96.85930878638649            ,                                                            ,                                                                                                    
G 67                          ,                              ,                              ,                              ,33.230733151778175,-96.85917970507765,33.23078699788969,-96.85917970507765,33.23078699788969,-96.85920987992907,33.230733151778175,-96.85920987992907,33.23076007483393             ,-96.85919479250336            ,                                                            ,                                                                                                    
G 66                          ,                              ,                              ,                              ,33.230733151778175,-96.85914953022623,33.23078699788969,-96.85914953022623,33.23078699788969,-96.85917970507765,33.230733151778175,-96.85917970507765,33.23076007483393             ,-96.85916461765194            ,                                                            ,                                                                                                    
G 65                          ,                              ,                              ,                              ,33.230733151778175,-96.85911935537482,33.23078699788969,-96.85911935537482,33.23078699788969,-96.85914953022623,33.230733151778175,-96.85914953022623,33.23076007483393             ,-96.85913444280052            ,                                                            ,                                                                                                    
G 64                          ,                              ,                              ,                              ,33.230733151778175,-96.8590891805234,33.23078699788969,-96.8590891805234,33.23078699788969,-96.85911935537482,33.230733151778175,-96.85911935537482,33.23076007483393             ,-96.8591042679491             ,                                                            ,                                                                                                    
G 63                          ,                              ,                              ,                              ,33.230733151778175,-96.85905900567198,33.23078699788969,-96.85905900567198,33.23078699788969,-96.8590891805234,33.230733151778175,-96.8590891805234,33.23076007483393             ,-96.85907409309769            ,                                                            ,                                                                                                    
G 62                          ,                              ,                              ,                              ,33.230733151778175,-96.85902883082056,33.23078699788969,-96.85902883082056,33.23078699788969,-96.85905900567198,33.230733151778175,-96.85905900567198,33.23076007483393             ,-96.85904391824627            ,                                                            ,                                                                                                    
G 61                          ,                              ,                              ,                              ,33.230733151778175,-96.85899865596915,33.23078699788969,-96.85899865596915,33.23078699788969,-96.85902883082056,33.230733151778175,-96.85902883082056,33.23076007483393             ,-96.85901374339485            ,                                                            ,                                                                                                    
G 60                          ,                              ,                              ,                              ,33.230733151778175,-96.85896848111773,33.23078699788969,-96.85896848111773,33.23078699788969,-96.85899865596915,33.230733151778175,-96.85899865596915,33.23076007483393             ,-96.85898356854344            ,                                                            ,                                                                                                    
G 59                          ,                              ,                              ,                              ,33.23061143700808,-96.85946777432585,33.23066191780886,-96.85946777432585,33.23066191780886,-96.85949754684592,33.23061143700808,-96.85949754684592,33.23063667740847             ,-96.85948266058588            ,                                                            ,                                                                                                    
G 58                          ,                              ,                              ,                              ,33.23061143700808,-96.85943800180578,33.23066191780886,-96.85943800180578,33.23066191780886,-96.85946777432585,33.23061143700808,-96.85946777432585,33.23063667740847             ,-96.85945288806582            ,                                                            ,                                                                                                    
G 57                          ,                              ,                              ,                              ,33.23061143700808,-96.85940822928572,33.23066191780886,-96.85940822928572,33.23066191780886,-96.85943800180578,33.23061143700808,-96.85943800180578,33.23063667740847             ,-96.85942311554575            ,                                                            ,                                                                                                    
G 56                          ,                              ,                              ,                              ,33.23061143700808,-96.85937845676565,33.23066191780886,-96.85937845676565,33.23066191780886,-96.85940822928572,33.23061143700808,-96.85940822928572,33.23063667740847             ,-96.85939334302569            ,                                                            ,                                                                                                    
G 55                          ,                              ,                              ,                              ,33.23061143700808,-96.85934868424559,33.23066191780886,-96.85934868424559,33.23066191780886,-96.85937845676565,33.23061143700808,-96.85937845676565,33.23063667740847             ,-96.85936357050562            ,                                                            ,                                                                                                    
G 54                          ,                              ,                              ,                              ,33.23061143700808,-96.85931891172552,33.23066191780886,-96.85931891172552,33.23066191780886,-96.85934868424559,33.23061143700808,-96.85934868424559,33.23063667740847             ,-96.85933379798556            ,                                                            ,                                                                                                    
G 53                          ,                              ,                              ,                              ,33.23061143700808,-96.85928913920546,33.23066191780886,-96.85928913920546,33.23066191780886,-96.85931891172552,33.23061143700808,-96.85931891172552,33.23063667740847             ,-96.85930402546549            ,                                                            ,                                                                                                    
G 52                          ,                              ,                              ,                              ,33.23061143700808,-96.8592593666854,33.23066191780886,-96.8592593666854,33.23066191780886,-96.85928913920546,33.23061143700808,-96.85928913920546,33.23063667740847             ,-96.85927425294543            ,                                                            ,                                                                                                    
G 51                          ,                              ,                              ,                              ,33.23061143700808,-96.85922959416533,33.23066191780886,-96.85922959416533,33.23066191780886,-96.8592593666854,33.23061143700808,-96.8592593666854,33.23063667740847             ,-96.85924448042536            ,                                                            ,                                                                                                    
G 50                          ,                              ,                              ,                              ,33.23061143700808,-96.85919982164526,33.23066191780886,-96.85919982164526,33.23066191780886,-96.85922959416533,33.23061143700808,-96.85922959416533,33.23063667740847             ,-96.8592147079053             ,                                                            ,                                                                                                    
G 49                          ,                              ,                              ,                              ,33.23061143700808,-96.8591700491252,33.23066191780886,-96.8591700491252,33.23066191780886,-96.85919982164526,33.23061143700808,-96.85919982164526,33.23063667740847             ,-96.85918493538523            ,                                                            ,                                                                                                    
G 48                          ,                              ,                              ,                              ,33.23061143700808,-96.85914027660513,33.23066191780886,-96.85914027660513,33.23066191780886,-96.8591700491252,33.23061143700808,-96.8591700491252,33.23063667740847             ,-96.85915516286516            ,                                                            ,                                                                                                    
G 47                          ,                              ,                              ,                              ,33.23061143700808,-96.85911050408507,33.23066191780886,-96.85911050408507,33.23066191780886,-96.85914027660513,33.23061143700808,-96.85914027660513,33.23063667740847             ,-96.8591253903451             ,                                                            ,                                                                                                    
G 46                          ,                              ,                              ,                              ,33.23061143700808,-96.859080731565,33.23066191780886,-96.859080731565,33.23066191780886,-96.85911050408507,33.23061143700808,-96.85911050408507,33.23063667740847             ,-96.85909561782503            ,                                                            ,                                                                                                    
G 45                          ,                              ,                              ,                              ,33.23061143700808,-96.85905095904494,33.23066191780886,-96.85905095904494,33.23066191780886,-96.859080731565,33.23061143700808,-96.859080731565,33.23063667740847             ,-96.85906584530497            ,                                                            ,                                                                                                    
G 44                          ,                              ,                              ,                              ,33.23017393551417,-96.85946594148302,33.23022946467121,-96.85946594148302,33.23022946467121,-96.85949553518915,33.23017393551417,-96.85949553518915,33.23020170009269             ,-96.85948073833609            ,                                                            ,                                                                                                    
G 43                          ,                              ,                              ,                              ,33.23017393551417,-96.85943634777689,33.23022946467121,-96.85943634777689,33.23022946467121,-96.85946594148302,33.23017393551417,-96.85946594148302,33.23020170009269             ,-96.85945114462996            ,                                                            ,                                                                                                    
G 42                          ,                              ,                              ,                              ,33.23017393551417,-96.85940675407076,33.23022946467121,-96.85940675407076,33.23022946467121,-96.85943634777689,33.23017393551417,-96.85943634777689,33.23020170009269             ,-96.85942155092383            ,                                                            ,                                                                                                    
G 41                          ,                              ,                              ,                              ,33.23017393551417,-96.85937716036463,33.23022946467121,-96.85937716036463,33.23022946467121,-96.85940675407076,33.23017393551417,-96.85940675407076,33.23020170009269             ,-96.8593919572177             ,                                                            ,                                                                                                    
G 40                          ,                              ,                              ,                              ,33.23017393551417,-96.8593475666585,33.23022946467121,-96.8593475666585,33.23022946467121,-96.85937716036463,33.23017393551417,-96.85937716036463,33.23020170009269             ,-96.85936236351156            ,                                                            ,                                                                                                    
G 39                          ,                              ,                              ,                              ,33.23017393551417,-96.85931797295237,33.23022946467121,-96.85931797295237,33.23022946467121,-96.8593475666585,33.23017393551417,-96.8593475666585,33.23020170009269             ,-96.85933276980543            ,                                                            ,                                                                                                    
G 38                          ,                              ,                              ,                              ,33.23017393551417,-96.85928837924624,33.23022946467121,-96.85928837924624,33.23022946467121,-96.85931797295237,33.23017393551417,-96.85931797295237,33.23020170009269             ,-96.8593031760993             ,                                                            ,                                                                                                    
G 37                          ,                              ,                              ,                              ,33.23017393551417,-96.8592587855401,33.23022946467121,-96.8592587855401,33.23022946467121,-96.85928837924624,33.23017393551417,-96.85928837924624,33.23020170009269             ,-96.85927358239317            ,                                                            ,                                                                                                    
G 36                          ,                              ,                              ,                              ,33.23017393551417,-96.85922919183398,33.23022946467121,-96.85922919183398,33.23022946467121,-96.8592587855401,33.23017393551417,-96.8592587855401,33.23020170009269             ,-96.85924398868704            ,                                                            ,                                                                                                    
G 35                          ,                              ,                              ,                              ,33.23017393551417,-96.85919959812784,33.23022946467121,-96.85919959812784,33.23022946467121,-96.85922919183398,33.23017393551417,-96.85922919183398,33.23020170009269             ,-96.85921439498091            ,                                                            ,                                                                                                    
G 34                          ,                              ,                              ,                              ,33.23017393551417,-96.85917000442171,33.23022946467121,-96.85917000442171,33.23022946467121,-96.85919959812784,33.23017393551417,-96.85919959812784,33.23020170009269             ,-96.85918480127478            ,                                                            ,                                                                                                    
G 33                          ,                              ,                              ,                              ,33.23017393551417,-96.85914041071558,33.23022946467121,-96.85914041071558,33.23022946467121,-96.85917000442171,33.23017393551417,-96.85917000442171,33.23020170009269             ,-96.85915520756865            ,                                                            ,                                                                                                    
G 32                          ,                              ,                              ,                              ,33.23017393551417,-96.85911081700945,33.23022946467121,-96.85911081700945,33.23022946467121,-96.85914041071558,33.23017393551417,-96.85914041071558,33.23020170009269             ,-96.85912561386252            ,                                                            ,                                                                                                    
G 31                          ,                              ,                              ,                              ,33.23017393551417,-96.85908122330332,33.23022946467121,-96.85908122330332,33.23022946467121,-96.85911081700945,33.23017393551417,-96.85911081700945,33.23020170009269             ,-96.85909602015639            ,                                                            ,                                                                                                    
G 30                          ,                              ,                              ,                              ,33.23017393551417,-96.85905162959719,33.23022946467121,-96.85905162959719,33.23022946467121,-96.85908122330332,33.23017393551417,-96.85908122330332,33.23020170009269             ,-96.85906642645025            ,                                                            ,                                                                                                    
G 29                          ,                              ,                              ,                              ,33.23017674001788,-96.85880363702202,33.230219368463466,-96.85880363702202,33.230219368463466,-96.85883235901022,33.23017674001788,-96.85883235901022,33.230198054240674            ,-96.85881799801612            ,                                                            ,                                                                                                    
G 28                          ,                              ,                              ,                              ,33.23017674001788,-96.85877491503382,33.230219368463466,-96.85877491503382,33.230219368463466,-96.85880363702202,33.23017674001788,-96.85880363702202,33.230198054240674            ,-96.85878927602792            ,                                                            ,                                                                                                    
G 27                          ,                              ,                              ,                              ,33.23017674001788,-96.85874619304562,33.230219368463466,-96.85874619304562,33.230219368463466,-96.85877491503382,33.23017674001788,-96.85877491503382,33.230198054240674            ,-96.85876055403972            ,                                                            ,                                                                                                    
G 26                          ,                              ,                              ,                              ,33.23017674001788,-96.85871747105742,33.230219368463466,-96.85871747105742,33.230219368463466,-96.85874619304562,33.23017674001788,-96.85874619304562,33.230198054240674            ,-96.85873183205152            ,                                                            ,                                                                                                    
G 25                          ,                              ,                              ,                              ,33.23017674001788,-96.85868874906922,33.230219368463466,-96.85868874906922,33.230219368463466,-96.85871747105742,33.23017674001788,-96.85871747105742,33.230198054240674            ,-96.85870311006332            ,                                                            ,                                                                                                    
G 24                          ,                              ,                              ,                              ,33.23017674001788,-96.85866002708102,33.230219368463466,-96.85866002708102,33.230219368463466,-96.85868874906922,33.23017674001788,-96.85868874906922,33.230198054240674            ,-96.85867438807512            ,                                                            ,                                                                                                    
G 18                          ,                              ,                              ,                              ,33.23006007258695,-96.85886186330939,33.23011111460714,-96.85886186330939,33.23011111460714,-96.85889136760855,33.23006007258695,-96.85889136760855,33.230085593597046            ,-96.85887661545897            ,                                                            ,                                                                                                    
G 19                          ,                              ,                              ,                              ,33.23006007258695,-96.85883235901022,33.23011111460714,-96.85883235901022,33.23011111460714,-96.85886186330939,33.23006007258695,-96.85886186330939,33.230085593597046            ,-96.8588471111598             ,                                                            ,                                                                                                    
G 20                          ,                              ,                              ,                              ,33.23006007258695,-96.85880285471106,33.23011111460714,-96.85880285471106,33.23011111460714,-96.85883235901022,33.23006007258695,-96.85883235901022,33.230085593597046            ,-96.85881760686064            ,                                                            ,                                                                                                    
G 21                          ,                              ,                              ,                              ,33.23006007258695,-96.8587733504119,33.23011111460714,-96.8587733504119,33.23011111460714,-96.85880285471106,33.23006007258695,-96.85880285471106,33.230085593597046            ,-96.85878810256148            ,                                                            ,                                                                                                    
G 22                          ,                              ,                              ,                              ,33.23006007258695,-96.85874384611273,33.23011111460714,-96.85874384611273,33.23011111460714,-96.8587733504119,33.23006007258695,-96.8587733504119,33.230085593597046            ,-96.85875859826231            ,                                                            ,                                                                                                    
G 23                          ,                              ,                              ,                              ,33.23006007258695,-96.85871434181357,33.23011111460714,-96.85871434181357,33.23011111460714,-96.85874384611273,33.23006007258695,-96.85874384611273,33.230085593597046            ,-96.85872909396315            ,                                                            ,                                                                                                    
G 8                           ,                              ,                              ,                              ,33.23006007258698,-96.85921336680079,33.23011111460717,-96.85921336680079,33.23011111460717,-96.8592427369895,33.23006007258698,-96.8592427369895,33.230085593597074            ,-96.85922805189514            ,                                                            ,                                                                                                    
G 9                           ,                              ,                              ,                              ,33.23006007258698,-96.85918399661207,33.23011111460717,-96.85918399661207,33.23011111460717,-96.85921336680079,33.23006007258698,-96.85921336680079,33.230085593597074            ,-96.85919868170643            ,                                                            ,                                                                                                    
G 10                          ,                              ,                              ,                              ,33.23006007258698,-96.85915462642336,33.23011111460717,-96.85915462642336,33.23011111460717,-96.85918399661207,33.23006007258698,-96.85918399661207,33.230085593597074            ,-96.85916931151772            ,                                                            ,                                                                                                    
G 11                          ,                              ,                              ,                              ,33.23006007258698,-96.85912525623465,33.23011111460717,-96.85912525623465,33.23011111460717,-96.85915462642336,33.23006007258698,-96.85915462642336,33.230085593597074            ,-96.859139941329              ,                                                            ,                                                                                                    
G 12                          ,                              ,                              ,                              ,33.23006007258698,-96.85909588604594,33.23011111460717,-96.85909588604594,33.23011111460717,-96.85912525623465,33.23006007258698,-96.85912525623465,33.230085593597074            ,-96.85911057114029            ,                                                            ,                                                                                                    
G 13                          ,                              ,                              ,                              ,33.23006007258698,-96.85906651585722,33.23011111460717,-96.85906651585722,33.23011111460717,-96.85909588604594,33.23006007258698,-96.85909588604594,33.230085593597074            ,-96.85908120095158            ,                                                            ,                                                                                                    
G 14                          ,                              ,                              ,                              ,33.23006007258698,-96.85903714566851,33.23011111460717,-96.85903714566851,33.23011111460717,-96.85906651585722,33.23006007258698,-96.85906651585722,33.230085593597074            ,-96.85905183076287            ,                                                            ,                                                                                                    
G 15                          ,                              ,                              ,                              ,33.23006007258698,-96.8590077754798,33.23011111460717,-96.8590077754798,33.23011111460717,-96.85903714566851,33.23006007258698,-96.85903714566851,33.230085593597074            ,-96.85902246057415            ,                                                            ,                                                                                                    
G 16                          ,                              ,                              ,                              ,33.23006007258698,-96.85897840529108,33.23011111460717,-96.85897840529108,33.23011111460717,-96.8590077754798,33.23006007258698,-96.8590077754798,33.230085593597074            ,-96.85899309038544            ,                                                            ,                                                                                                    
G 17                          ,                              ,                              ,                              ,33.23006007258698,-96.85894903510237,33.23011111460717,-96.85894903510237,33.23011111460717,-96.85897840529108,33.23006007258698,-96.85897840529108,33.230085593597074            ,-96.85896372019673            ,                                                            ,                                                                                                    
G 1                           ,                              ,                              ,                              ,33.230061755291416,-96.85947091634212,33.23011279731061,-96.85947091634212,33.23011279731061,-96.85950022905493,33.230061755291416,-96.85950022905493,33.23008727630101             ,-96.85948557269853            ,                                                            ,                                                                                                    
G 2                           ,                              ,                              ,                              ,33.230061755291416,-96.85944160362932,33.23011279731061,-96.85944160362932,33.23011279731061,-96.85947091634212,33.230061755291416,-96.85947091634212,33.23008727630101             ,-96.85945625998572            ,                                                            ,                                                                                                    
G 3                           ,                              ,                              ,                              ,33.230061755291416,-96.85941229091651,33.23011279731061,-96.85941229091651,33.23011279731061,-96.85944160362932,33.230061755291416,-96.85944160362932,33.23008727630101             ,-96.85942694727291            ,                                                            ,                                                                                                    
G 4                           ,                              ,                              ,                              ,33.230061755291416,-96.85938297820371,33.23011279731061,-96.85938297820371,33.23011279731061,-96.85941229091651,33.230061755291416,-96.85941229091651,33.23008727630101             ,-96.85939763456011            ,                                                            ,                                                                                                    
G 5                           ,                              ,                              ,                              ,33.230061755291416,-96.8593536654909,33.23011279731061,-96.8593536654909,33.23011279731061,-96.85938297820371,33.230061755291416,-96.85938297820371,33.23008727630101             ,-96.85936832184731            ,                                                            ,                                                                                                    
G 6                           ,                              ,                              ,                              ,33.230061755291416,-96.8593243527781,33.23011279731061,-96.8593243527781,33.23011279731061,-96.8593536654909,33.230061755291416,-96.8593536654909,33.23008727630101             ,-96.8593390091345             ,                                                            ,                                                                                                    
G 7                           ,                              ,                              ,                              ,33.230061755291416,-96.85929504006529,33.23011279731061,-96.85929504006529,33.23011279731061,-96.8593243527781,33.230061755291416,-96.8593243527781,33.23008727630101             ,-96.8593096964217             ,                                                            ,                                                                                                    
U 129                         ,                              ,                              ,                              ,33.218639372810024,-96.87537817999149,33.218696592212694,-96.87537817999149,33.218696592212694,-96.87540841072226,33.218639372810024,-96.87540841072226,33.21866798251136             ,-96.87539329535687            ,                                                            ,                                                                                                    
U 128                         ,                              ,                              ,                              ,33.218639372810024,-96.87534794926071,33.218696592212694,-96.87534794926071,33.218696592212694,-96.87537817999149,33.218639372810024,-96.87537817999149,33.21866798251136             ,-96.8753630646261             ,                                                            ,                                                                                                    
U 127                         ,                              ,                              ,                              ,33.218639372810024,-96.87531771852994,33.218696592212694,-96.87531771852994,33.218696592212694,-96.87534794926071,33.218639372810024,-96.87534794926071,33.21866798251136             ,-96.87533283389533            ,                                                            ,                                                                                                    
U 126                         ,                              ,                              ,                              ,33.218639372810024,-96.87528748779917,33.218696592212694,-96.87528748779917,33.218696592212694,-96.87531771852994,33.218639372810024,-96.87531771852994,33.21866798251136             ,-96.87530260316456            ,                                                            ,                                                                                                    
U 125                         ,                              ,                              ,                              ,33.218639372810024,-96.8752572570684,33.218696592212694,-96.8752572570684,33.218696592212694,-96.87528748779917,33.218639372810024,-96.87528748779917,33.21866798251136             ,-96.87527237243378            ,                                                            ,                                                                                                    
U 124                         ,                              ,                              ,                              ,33.218639372810024,-96.87522702633763,33.218696592212694,-96.87522702633763,33.218696592212694,-96.8752572570684,33.218639372810024,-96.8752572570684,33.21866798251136             ,-96.87524214170301            ,                                                            ,                                                                                                    
U 123                         ,                              ,                              ,                              ,33.218639372810024,-96.87519679560685,33.218696592212694,-96.87519679560685,33.218696592212694,-96.87522702633763,33.218639372810024,-96.87522702633763,33.21866798251136             ,-96.87521191097224            ,                                                            ,                                                                                                    
U 122                         ,                              ,                              ,                              ,33.218639372810024,-96.87516656487608,33.218696592212694,-96.87516656487608,33.218696592212694,-96.87519679560685,33.218639372810024,-96.87519679560685,33.21866798251136             ,-96.87518168024147            ,                                                            ,                                                                                                    
U 121                         ,                              ,                              ,                              ,33.218639372810024,-96.87513633414531,33.218696592212694,-96.87513633414531,33.218696592212694,-96.87516656487608,33.218639372810024,-96.87516656487608,33.21866798251136             ,-96.8751514495107             ,                                                            ,                                                                                                    
U 120                         ,                              ,                              ,                              ,33.218639372810024,-96.87510610341454,33.218696592212694,-96.87510610341454,33.218696592212694,-96.87513633414531,33.218639372810024,-96.87513633414531,33.21866798251136             ,-96.87512121877992            ,                                                            ,                                                                                                    
U 119                         ,                              ,                              ,                              ,33.218639372810024,-96.87507587268377,33.218696592212694,-96.87507587268377,33.218696592212694,-96.87510610341454,33.218639372810024,-96.87510610341454,33.21866798251136             ,-96.87509098804915            ,                                                            ,                                                                                                    
U 118                         ,                              ,                              ,                              ,33.218639372810024,-96.875045641953,33.218696592212694,-96.875045641953,33.218696592212694,-96.87507587268377,33.218639372810024,-96.87507587268377,33.21866798251136             ,-96.87506075731838            ,                                                            ,                                                                                                    
U 117                         ,                              ,                              ,                              ,33.21863432403739,-96.87622948953931,33.218684250776086,-96.87622948953931,33.218684250776086,-96.87625934153223,33.21863432403739,-96.87625934153223,33.21865928740674             ,-96.87624441553578            ,                                                            ,                                                                                                    
U 116                         ,                              ,                              ,                              ,33.21863432403739,-96.87619963754638,33.218684250776086,-96.87619963754638,33.218684250776086,-96.87622948953931,33.21863432403739,-96.87622948953931,33.21865928740674             ,-96.87621456354285            ,                                                            ,                                                                                                    
U 115                         ,                              ,                              ,                              ,33.21863432403739,-96.87616978555346,33.218684250776086,-96.87616978555346,33.218684250776086,-96.87619963754638,33.21863432403739,-96.87619963754638,33.21865928740674             ,-96.87618471154993            ,                                                            ,                                                                                                    
U 114                         ,                              ,                              ,                              ,33.21863432403739,-96.87613993356054,33.218684250776086,-96.87613993356054,33.218684250776086,-96.87616978555346,33.21863432403739,-96.87616978555346,33.21865928740674             ,-96.876154859557              ,                                                            ,                                                                                                    
U 113                         ,                              ,                              ,                              ,33.21863432403739,-96.8761100815676,33.218684250776086,-96.8761100815676,33.218684250776086,-96.87613993356054,33.21863432403739,-96.87613993356054,33.21865928740674             ,-96.87612500756407            ,                                                            ,                                                                                                    
U 112                         ,                              ,                              ,                              ,33.21863432403739,-96.87608022957468,33.218684250776086,-96.87608022957468,33.218684250776086,-96.8761100815676,33.21863432403739,-96.8761100815676,33.21865928740674             ,-96.87609515557115            ,                                                            ,                                                                                                    
U 111                         ,                              ,                              ,                              ,33.21863432403739,-96.87605037758176,33.218684250776086,-96.87605037758176,33.218684250776086,-96.87608022957468,33.21863432403739,-96.87608022957468,33.21865928740674             ,-96.87606530357823            ,                                                            ,                                                                                                    
U 110                         ,                              ,                              ,                              ,33.21863432403739,-96.87602052558883,33.218684250776086,-96.87602052558883,33.218684250776086,-96.87605037758176,33.21863432403739,-96.87605037758176,33.21865928740674             ,-96.8760354515853             ,                                                            ,                                                                                                    
U 109                         ,                              ,                              ,                              ,33.21863432403739,-96.87599067359591,33.218684250776086,-96.87599067359591,33.218684250776086,-96.87602052558883,33.21863432403739,-96.87602052558883,33.21865928740674             ,-96.87600559959238            ,                                                            ,                                                                                                    
U 108                         ,                              ,                              ,                              ,33.21863432403739,-96.87596082160299,33.218684250776086,-96.87596082160299,33.218684250776086,-96.87599067359591,33.21863432403739,-96.87599067359591,33.21865928740674             ,-96.87597574759945            ,                                                            ,                                                                                                    
U 107                         ,                              ,                              ,                              ,33.21863432403739,-96.87593096961005,33.218684250776086,-96.87593096961005,33.218684250776086,-96.87596082160299,33.21863432403739,-96.87596082160299,33.21865928740674             ,-96.87594589560652            ,                                                            ,                                                                                                    
U 106                         ,                              ,                              ,                              ,33.21863432403739,-96.87590111761713,33.218684250776086,-96.87590111761713,33.218684250776086,-96.87593096961005,33.21863432403739,-96.87593096961005,33.21865928740674             ,-96.8759160436136             ,                                                            ,                                                                                                    
U 105                         ,                              ,                              ,                              ,33.21863432403739,-96.87587126562421,33.218684250776086,-96.87587126562421,33.218684250776086,-96.87590111761713,33.21863432403739,-96.87590111761713,33.21865928740674             ,-96.87588619162068            ,                                                            ,                                                                                                    
U 104                         ,                              ,                              ,                              ,33.21863432403739,-96.87584141363128,33.218684250776086,-96.87584141363128,33.218684250776086,-96.87587126562421,33.21863432403739,-96.87587126562421,33.21865928740674             ,-96.87585633962775            ,                                                            ,                                                                                                    
U 103                         ,                              ,                              ,                              ,33.21863432403739,-96.87581156163836,33.218684250776086,-96.87581156163836,33.218684250776086,-96.87584141363128,33.21863432403739,-96.87584141363128,33.21865928740674             ,-96.87582648763482            ,                                                            ,                                                                                                    
U 102                         ,                              ,                              ,                              ,33.21863432403739,-96.87578170964544,33.218684250776086,-96.87578170964544,33.218684250776086,-96.87581156163836,33.21863432403739,-96.87581156163836,33.21865928740674             ,-96.8757966356419             ,                                                            ,                                                                                                    
U 101                         ,                              ,                              ,                              ,33.21863432403739,-96.8757518576525,33.218684250776086,-96.8757518576525,33.218684250776086,-96.87578170964544,33.21863432403739,-96.87578170964544,33.21865928740674             ,-96.87576678364897            ,                                                            ,                                                                                                    
U 100                         ,                              ,                              ,                              ,33.21863432403739,-96.87572200565958,33.218684250776086,-96.87572200565958,33.218684250776086,-96.8757518576525,33.21863432403739,-96.8757518576525,33.21865928740674             ,-96.87573693165605            ,                                                            ,                                                                                                    
U 99                          ,                              ,                              ,                              ,33.21863432403739,-96.87569215366666,33.218684250776086,-96.87569215366666,33.218684250776086,-96.87572200565958,33.21863432403739,-96.87572200565958,33.21865928740674             ,-96.87570707966313            ,                                                            ,                                                                                                    
U 98                          ,                              ,                              ,                              ,33.21863432403739,-96.87566230167373,33.218684250776086,-96.87566230167373,33.218684250776086,-96.87569215366666,33.21863432403739,-96.87569215366666,33.21865928740674             ,-96.8756772276702             ,                                                            ,                                                                                                    
U 97                          ,                              ,                              ,                              ,33.21863432403739,-96.87563244968081,33.218684250776086,-96.87563244968081,33.218684250776086,-96.87566230167373,33.21863432403739,-96.87566230167373,33.21865928740674             ,-96.87564737567727            ,                                                            ,                                                                                                    
U 96                          ,                              ,                              ,                              ,33.21863432403739,-96.87560259768789,33.218684250776086,-96.87560259768789,33.218684250776086,-96.87563244968081,33.21863432403739,-96.87563244968081,33.21865928740674             ,-96.87561752368435            ,                                                            ,                                                                                                    
U 95                          ,                              ,                              ,                              ,33.21863432403739,-96.87557274569495,33.218684250776086,-96.87557274569495,33.218684250776086,-96.87560259768789,33.21863432403739,-96.87560259768789,33.21865928740674             ,-96.87558767169142            ,                                                            ,                                                                                                    
U 94                          ,                              ,                              ,                              ,33.21863432403739,-96.87554289370203,33.218684250776086,-96.87554289370203,33.218684250776086,-96.87557274569495,33.21863432403739,-96.87557274569495,33.21865928740674             ,-96.8755578196985             ,                                                            ,                                                                                                    
U 93                          ,                              ,                              ,                              ,33.21863432403739,-96.87551304170911,33.218684250776086,-96.87551304170911,33.218684250776086,-96.87554289370203,33.21863432403739,-96.87554289370203,33.21865928740674             ,-96.87552796770558            ,                                                            ,                                                                                                    
U 92                          ,                              ,                              ,                              ,33.21863432403739,-96.87548318971618,33.218684250776086,-96.87548318971618,33.218684250776086,-96.87551304170911,33.21863432403739,-96.87551304170911,33.21865928740674             ,-96.87549811571265            ,                                                            ,                                                                                                    
U 91                          ,                              ,                              ,                              ,33.21863432403739,-96.87545333772326,33.218684250776086,-96.87545333772326,33.218684250776086,-96.87548318971618,33.21863432403739,-96.87548318971618,33.21865928740674             ,-96.87546826371972            ,                                                            ,                                                                                                    
U 113                         ,                              ,                              ,                              ,33.218510909504936,-96.87635989643061,33.218565324115694,-96.87635989643061,33.218565324115694,-96.87638942866946,33.218510909504936,-96.87638942866946,33.218538116810315            ,-96.87637466255003            ,                                                            ,                                                                                                    
U 112                         ,                              ,                              ,                              ,33.218510909504936,-96.87633036419177,33.218565324115694,-96.87633036419177,33.218565324115694,-96.87635989643061,33.218510909504936,-96.87635989643061,33.218538116810315            ,-96.8763451303112             ,                                                            ,                                                                                                    
U 111                         ,                              ,                              ,                              ,33.218510909504936,-96.87630083195293,33.218565324115694,-96.87630083195293,33.218565324115694,-96.87633036419177,33.218510909504936,-96.87633036419177,33.218538116810315            ,-96.87631559807235            ,                                                            ,                                                                                                    
U 110                         ,                              ,                              ,                              ,33.218510909504936,-96.87627129971409,33.218565324115694,-96.87627129971409,33.218565324115694,-96.87630083195293,33.218510909504936,-96.87630083195293,33.218538116810315            ,-96.87628606583351            ,                                                            ,                                                                                                    
U 109                         ,                              ,                              ,                              ,33.218510909504936,-96.87624176747525,33.218565324115694,-96.87624176747525,33.218565324115694,-96.87627129971409,33.218510909504936,-96.87627129971409,33.218538116810315            ,-96.87625653359467            ,                                                            ,                                                                                                    
U 108                         ,                              ,                              ,                              ,33.218510909504936,-96.87621223523641,33.218565324115694,-96.87621223523641,33.218565324115694,-96.87624176747525,33.218510909504936,-96.87624176747525,33.218538116810315            ,-96.87622700135583            ,                                                            ,                                                                                                    
U 107                         ,                              ,                              ,                              ,33.218510909504936,-96.87618270299757,33.218565324115694,-96.87618270299757,33.218565324115694,-96.87621223523641,33.218510909504936,-96.87621223523641,33.218538116810315            ,-96.87619746911699            ,                                                            ,                                                                                                    
U 106                         ,                              ,                              ,                              ,33.218510909504936,-96.87615317075873,33.218565324115694,-96.87615317075873,33.218565324115694,-96.87618270299757,33.218510909504936,-96.87618270299757,33.218538116810315            ,-96.87616793687815            ,                                                            ,                                                                                                    
U 105                         ,                              ,                              ,                              ,33.218510909504936,-96.87612363851989,33.218565324115694,-96.87612363851989,33.218565324115694,-96.87615317075873,33.218510909504936,-96.87615317075873,33.218538116810315            ,-96.8761384046393             ,                                                            ,                                                                                                    
U 104                         ,                              ,                              ,                              ,33.218510909504936,-96.87609410628104,33.218565324115694,-96.87609410628104,33.218565324115694,-96.87612363851989,33.218510909504936,-96.87612363851989,33.218538116810315            ,-96.87610887240047            ,                                                            ,                                                                                                    
U 103                         ,                              ,                              ,                              ,33.218510909504936,-96.8760645740422,33.218565324115694,-96.8760645740422,33.218565324115694,-96.87609410628104,33.218510909504936,-96.87609410628104,33.218538116810315            ,-96.87607934016162            ,                                                            ,                                                                                                    
U 102                         ,                              ,                              ,                              ,33.218510909504936,-96.87603504180336,33.218565324115694,-96.87603504180336,33.218565324115694,-96.8760645740422,33.218510909504936,-96.8760645740422,33.218538116810315            ,-96.87604980792278            ,                                                            ,                                                                                                    
U 101                         ,                              ,                              ,                              ,33.218510909504936,-96.87600550956452,33.218565324115694,-96.87600550956452,33.218565324115694,-96.87603504180336,33.218510909504936,-96.87603504180336,33.218538116810315            ,-96.87602027568394            ,                                                            ,                                                                                                    
U 100                         ,                              ,                              ,                              ,33.218510909504936,-96.87597597732568,33.218565324115694,-96.87597597732568,33.218565324115694,-96.87600550956452,33.218510909504936,-96.87600550956452,33.218538116810315            ,-96.8759907434451             ,                                                            ,                                                                                                    
U 99                          ,                              ,                              ,                              ,33.218510909504936,-96.87594644508684,33.218565324115694,-96.87594644508684,33.218565324115694,-96.87597597732568,33.218510909504936,-96.87597597732568,33.218538116810315            ,-96.87596121120626            ,                                                            ,                                                                                                    
U 98                          ,                              ,                              ,                              ,33.218510909504936,-96.875916912848,33.218565324115694,-96.875916912848,33.218565324115694,-96.87594644508684,33.218510909504936,-96.87594644508684,33.218538116810315            ,-96.87593167896742            ,                                                            ,                                                                                                    
U 97                          ,                              ,                              ,                              ,33.218510909504936,-96.87588738060916,33.218565324115694,-96.87588738060916,33.218565324115694,-96.875916912848,33.218510909504936,-96.875916912848,33.218538116810315            ,-96.87590214672858            ,                                                            ,                                                                                                    
U 96                          ,                              ,                              ,                              ,33.218510909504936,-96.87585784837032,33.218565324115694,-96.87585784837032,33.218565324115694,-96.87588738060916,33.218510909504936,-96.87588738060916,33.218538116810315            ,-96.87587261448974            ,                                                            ,                                                                                                    
U 95                          ,                              ,                              ,                              ,33.218510909504936,-96.87582831613148,33.218565324115694,-96.87582831613148,33.218565324115694,-96.87585784837032,33.218510909504936,-96.87585784837032,33.218538116810315            ,-96.8758430822509             ,                                                            ,                                                                                                    
U 94                          ,                              ,                              ,                              ,33.218510909504936,-96.87579878389263,33.218565324115694,-96.87579878389263,33.218565324115694,-96.87582831613148,33.218510909504936,-96.87582831613148,33.218538116810315            ,-96.87581355001205            ,                                                            ,                                                                                                    
U 93                          ,                              ,                              ,                              ,33.218510909504936,-96.8757692516538,33.218565324115694,-96.8757692516538,33.218565324115694,-96.87579878389263,33.218510909504936,-96.87579878389263,33.218538116810315            ,-96.87578401777321            ,                                                            ,                                                                                                    
U 92                          ,                              ,                              ,                              ,33.218510909504936,-96.87573971941495,33.218565324115694,-96.87573971941495,33.218565324115694,-96.8757692516538,33.218510909504936,-96.8757692516538,33.218538116810315            ,-96.87575448553437            ,                                                            ,                                                                                                    
U 91                          ,                              ,                              ,                              ,33.218510909504936,-96.87571018717611,33.218565324115694,-96.87571018717611,33.218565324115694,-96.87573971941495,33.218510909504936,-96.87573971941495,33.218538116810315            ,-96.87572495329553            ,                                                            ,                                                                                                    
U 90                          ,                              ,                              ,                              ,33.218510909504936,-96.87568065493727,33.218565324115694,-96.87568065493727,33.218565324115694,-96.87571018717611,33.218510909504936,-96.87571018717611,33.218538116810315            ,-96.87569542105669            ,                                                            ,                                                                                                    
U 89                          ,                              ,                              ,                              ,33.21845873876388,-96.87632974951887,33.21851315340707,-96.87632974951887,33.21851315340707,-96.87635925381804,33.21845873876388,-96.87635925381804,33.21848594608548             ,-96.87634450166846            ,                                                            ,                                                                                                    
U 88                          ,                              ,                              ,                              ,33.21845873876388,-96.87630024521971,33.21851315340707,-96.87630024521971,33.21851315340707,-96.87632974951887,33.21845873876388,-96.87632974951887,33.21848594608548             ,-96.87631499736929            ,                                                            ,                                                                                                    
U 87                          ,                              ,                              ,                              ,33.21845873876388,-96.87627074092055,33.21851315340707,-96.87627074092055,33.21851315340707,-96.87630024521971,33.21845873876388,-96.87630024521971,33.21848594608548             ,-96.87628549307013            ,                                                            ,                                                                                                    
U 86                          ,                              ,                              ,                              ,33.21845873876388,-96.87624123662138,33.21851315340707,-96.87624123662138,33.21851315340707,-96.87627074092055,33.21845873876388,-96.87627074092055,33.21848594608548             ,-96.87625598877096            ,                                                            ,                                                                                                    
U 85                          ,                              ,                              ,                              ,33.21845873876388,-96.87621173232222,33.21851315340707,-96.87621173232222,33.21851315340707,-96.87624123662138,33.21845873876388,-96.87624123662138,33.21848594608548             ,-96.8762264844718             ,                                                            ,                                                                                                    
U 84                          ,                              ,                              ,                              ,33.21845873876388,-96.87618222802305,33.21851315340707,-96.87618222802305,33.21851315340707,-96.87621173232222,33.21845873876388,-96.87621173232222,33.21848594608548             ,-96.87619698017264            ,                                                            ,                                                                                                    
U 83                          ,                              ,                              ,                              ,33.21845873876388,-96.87615272372389,33.21851315340707,-96.87615272372389,33.21851315340707,-96.87618222802305,33.21845873876388,-96.87618222802305,33.21848594608548             ,-96.87616747587347            ,                                                            ,                                                                                                    
U 82                          ,                              ,                              ,                              ,33.21845873876388,-96.87612321942473,33.21851315340707,-96.87612321942473,33.21851315340707,-96.87615272372389,33.21845873876388,-96.87615272372389,33.21848594608548             ,-96.87613797157431            ,                                                            ,                                                                                                    
U 81                          ,                              ,                              ,                              ,33.21845873876388,-96.87609371512556,33.21851315340707,-96.87609371512556,33.21851315340707,-96.87612321942473,33.21845873876388,-96.87612321942473,33.21848594608548             ,-96.87610846727515            ,                                                            ,                                                                                                    
U 80                          ,                              ,                              ,                              ,33.21845873876388,-96.8760642108264,33.21851315340707,-96.8760642108264,33.21851315340707,-96.87609371512556,33.21845873876388,-96.87609371512556,33.21848594608548             ,-96.87607896297598            ,                                                            ,                                                                                                    
U 79                          ,                              ,                              ,                              ,33.21845873876388,-96.87603470652724,33.21851315340707,-96.87603470652724,33.21851315340707,-96.8760642108264,33.21845873876388,-96.8760642108264,33.21848594608548             ,-96.87604945867682            ,                                                            ,                                                                                                    
U 78                          ,                              ,                              ,                              ,33.21845873876388,-96.87600520222807,33.21851315340707,-96.87600520222807,33.21851315340707,-96.87603470652724,33.21845873876388,-96.87603470652724,33.21848594608548             ,-96.87601995437765            ,                                                            ,                                                                                                    
U 77                          ,                              ,                              ,                              ,33.21845873876388,-96.87597569792891,33.21851315340707,-96.87597569792891,33.21851315340707,-96.87600520222807,33.21845873876388,-96.87600520222807,33.21848594608548             ,-96.87599045007849            ,                                                            ,                                                                                                    
U 76                          ,                              ,                              ,                              ,33.21845873876388,-96.87594619362974,33.21851315340707,-96.87594619362974,33.21851315340707,-96.87597569792891,33.21845873876388,-96.87597569792891,33.21848594608548             ,-96.87596094577933            ,                                                            ,                                                                                                    
U 75                          ,                              ,                              ,                              ,33.21845873876388,-96.87591668933058,33.21851315340707,-96.87591668933058,33.21851315340707,-96.87594619362974,33.21845873876388,-96.87594619362974,33.21848594608548             ,-96.87593144148016            ,                                                            ,                                                                                                    
U 74                          ,                              ,                              ,                              ,33.21845873876388,-96.87588718503142,33.21851315340707,-96.87588718503142,33.21851315340707,-96.87591668933058,33.21845873876388,-96.87591668933058,33.21848594608548             ,-96.875901937181              ,                                                            ,                                                                                                    
U 73                          ,                              ,                              ,                              ,33.21845873876388,-96.87585768073225,33.21851315340707,-96.87585768073225,33.21851315340707,-96.87588718503142,33.21845873876388,-96.87588718503142,33.21848594608548             ,-96.87587243288183            ,                                                            ,                                                                                                    
U 72                          ,                              ,                              ,                              ,33.21845873876388,-96.87582817643309,33.21851315340707,-96.87582817643309,33.21851315340707,-96.87585768073225,33.21845873876388,-96.87585768073225,33.21848594608548             ,-96.87584292858267            ,                                                            ,                                                                                                    
U 71                          ,                              ,                              ,                              ,33.21845873876388,-96.87579867213393,33.21851315340707,-96.87579867213393,33.21851315340707,-96.87582817643309,33.21845873876388,-96.87582817643309,33.21848594608548             ,-96.8758134242835             ,                                                            ,                                                                                                    
U 70                          ,                              ,                              ,                              ,33.21845873876388,-96.87576916783476,33.21851315340707,-96.87576916783476,33.21851315340707,-96.87579867213393,33.21845873876388,-96.87579867213393,33.21848594608548             ,-96.87578391998434            ,                                                            ,                                                                                                    
U 69                          ,                              ,                              ,                              ,33.21845873876388,-96.8757396635356,33.21851315340707,-96.8757396635356,33.21851315340707,-96.87576916783476,33.21845873876388,-96.87576916783476,33.21848594608548             ,-96.87575441568518            ,                                                            ,                                                                                                    
U 68                          ,                              ,                              ,                              ,33.21845873876388,-96.87571015923643,33.21851315340707,-96.87571015923643,33.21851315340707,-96.8757396635356,33.21845873876388,-96.8757396635356,33.21848594608548             ,-96.87572491138602            ,                                                            ,                                                                                                    
U 67                          ,                              ,                              ,                              ,33.21864947035437,-96.87756046436155,33.218710055596105,-96.87756046436155,33.218710055596105,-96.87759172886038,33.21864947035437,-96.87759172886038,33.21867976297524             ,-96.87757609661097            ,                                                            ,                                                                                                    
U 66                          ,                              ,                              ,                              ,33.21864947035437,-96.87752919986272,33.218710055596105,-96.87752919986272,33.218710055596105,-96.87756046436155,33.21864947035437,-96.87756046436155,33.21867976297524             ,-96.87754483211214            ,                                                            ,                                                                                                    
U 65                          ,                              ,                              ,                              ,33.21864947035437,-96.87749793536389,33.218710055596105,-96.87749793536389,33.218710055596105,-96.87752919986272,33.21864947035437,-96.87752919986272,33.21867976297524             ,-96.8775135676133             ,                                                            ,                                                                                                    
U 64                          ,                              ,                              ,                              ,33.21864947035437,-96.87746667086506,33.218710055596105,-96.87746667086506,33.218710055596105,-96.87749793536389,33.21864947035437,-96.87749793536389,33.21867976297524             ,-96.87748230311448            ,                                                            ,                                                                                                    
U 63                          ,                              ,                              ,                              ,33.21864947035437,-96.87743540636623,33.218710055596105,-96.87743540636623,33.218710055596105,-96.87746667086506,33.21864947035437,-96.87746667086506,33.21867976297524             ,-96.87745103861565            ,                                                            ,                                                                                                    
U 62                          ,                              ,                              ,                              ,33.21864947035437,-96.8774041418674,33.218710055596105,-96.8774041418674,33.218710055596105,-96.87743540636623,33.21864947035437,-96.87743540636623,33.21867976297524             ,-96.87741977411682            ,                                                            ,                                                                                                    
U 61                          ,                              ,                              ,                              ,33.21864947035437,-96.87737287736857,33.218710055596105,-96.87737287736857,33.218710055596105,-96.8774041418674,33.21864947035437,-96.8774041418674,33.21867976297524             ,-96.87738850961799            ,                                                            ,                                                                                                    
U 60                          ,                              ,                              ,                              ,33.21864947035437,-96.87734161286974,33.218710055596105,-96.87734161286974,33.218710055596105,-96.87737287736857,33.21864947035437,-96.87737287736857,33.21867976297524             ,-96.87735724511916            ,                                                            ,                                                                                                    
U 59                          ,                              ,                              ,                              ,33.21865283620223,-96.87717927536222,33.21870051903306,-96.87717927536222,33.21870051903306,-96.8772088435235,33.21865283620223,-96.8772088435235,33.218676677617644            ,-96.87719405944287            ,                                                            ,                                                                                                    
U 58                          ,                              ,                              ,                              ,33.21865283620223,-96.87714970720094,33.21870051903306,-96.87714970720094,33.21870051903306,-96.87717927536222,33.21865283620223,-96.87717927536222,33.218676677617644            ,-96.87716449128158            ,                                                            ,                                                                                                    
U 57                          ,                              ,                              ,                              ,33.21865283620223,-96.87712013903966,33.21870051903306,-96.87712013903966,33.21870051903306,-96.87714970720094,33.21865283620223,-96.87714970720094,33.218676677617644            ,-96.87713492312031            ,                                                            ,                                                                                                    
U 56                          ,                              ,                              ,                              ,33.21865283620223,-96.87709057087837,33.21870051903306,-96.87709057087837,33.21870051903306,-96.87712013903966,33.21865283620223,-96.87712013903966,33.218676677617644            ,-96.87710535495901            ,                                                            ,                                                                                                    
U 55                          ,                              ,                              ,                              ,33.21865283620223,-96.87706100271708,33.21870051903306,-96.87706100271708,33.21870051903306,-96.87709057087837,33.21865283620223,-96.87709057087837,33.218676677617644            ,-96.87707578679772            ,                                                            ,                                                                                                    
U 54                          ,                              ,                              ,                              ,33.21865283620223,-96.8770314345558,33.21870051903306,-96.8770314345558,33.21870051903306,-96.87706100271708,33.21865283620223,-96.87706100271708,33.218676677617644            ,-96.87704621863644            ,                                                            ,                                                                                                    
U 53                          ,                              ,                              ,                              ,33.21865283620223,-96.87700186639452,33.21870051903306,-96.87700186639452,33.21870051903306,-96.8770314345558,33.21865283620223,-96.8770314345558,33.218676677617644            ,-96.87701665047517            ,                                                            ,                                                                                                    
U 52                          ,                              ,                              ,                              ,33.21865283620223,-96.87697229823324,33.21870051903306,-96.87697229823324,33.21870051903306,-96.87700186639452,33.21865283620223,-96.87700186639452,33.218676677617644            ,-96.87698708231389            ,                                                            ,                                                                                                    
U 51                          ,                              ,                              ,                              ,33.21865283620223,-96.87694273007196,33.21870051903306,-96.87694273007196,33.21870051903306,-96.87697229823324,33.21865283620223,-96.87697229823324,33.218676677617644            ,-96.8769575141526             ,                                                            ,                                                                                                    
U 50                          ,                              ,                              ,                              ,33.21865283620223,-96.87691316191068,33.21870051903306,-96.87691316191068,33.21870051903306,-96.87694273007196,33.21865283620223,-96.87694273007196,33.218676677617644            ,-96.87692794599133            ,                                                            ,                                                                                                    
U 49                          ,                              ,                              ,                              ,33.21865283620223,-96.87688359374938,33.21870051903306,-96.87688359374938,33.21870051903306,-96.87691316191068,33.21865283620223,-96.87691316191068,33.218676677617644            ,-96.87689837783003            ,                                                            ,                                                                                                    
U 48                          ,                              ,                              ,                              ,33.21865283620223,-96.8768540255881,33.21870051903306,-96.8768540255881,33.21870051903306,-96.87688359374938,33.21865283620223,-96.87688359374938,33.218676677617644            ,-96.87686880966874            ,                                                            ,                                                                                                    
U 47                          ,                              ,                              ,                              ,33.21865283620223,-96.87682445742682,33.21870051903306,-96.87682445742682,33.21870051903306,-96.8768540255881,33.21865283620223,-96.8768540255881,33.218676677617644            ,-96.87683924150745            ,                                                            ,                                                                                                    
U 46                          ,                              ,                              ,                              ,33.21865283620223,-96.87679488926554,33.21870051903306,-96.87679488926554,33.21870051903306,-96.87682445742682,33.21865283620223,-96.87682445742682,33.218676677617644            ,-96.87680967334619            ,                                                            ,                                                                                                    
U 45                          ,                              ,                              ,                              ,33.21865283620223,-96.87676532110426,33.21870051903306,-96.87676532110426,33.21870051903306,-96.87679488926554,33.21865283620223,-96.87679488926554,33.218676677617644            ,-96.8767801051849             ,                                                            ,                                                                                                    
U 44                          ,                              ,                              ,                              ,33.21865283620223,-96.87673575294298,33.21870051903306,-96.87673575294298,33.21870051903306,-96.87676532110426,33.21865283620223,-96.87676532110426,33.218676677617644            ,-96.87675053702361            ,                                                            ,                                                                                                    
U 43                          ,                              ,                              ,                              ,33.21865283620223,-96.8767061847817,33.21870051903306,-96.8767061847817,33.21870051903306,-96.87673575294298,33.21865283620223,-96.87673575294298,33.218676677617644            ,-96.87672096886234            ,                                                            ,                                                                                                    
U 42                          ,                              ,                              ,                              ,33.21865283620223,-96.8766766166204,33.21870051903306,-96.8766766166204,33.21870051903306,-96.8767061847817,33.21865283620223,-96.8767061847817,33.218676677617644            ,-96.87669140070105            ,                                                            ,                                                                                                    
U 41                          ,                              ,                              ,                              ,33.21865283620223,-96.87664704845912,33.21870051903306,-96.87664704845912,33.21870051903306,-96.8766766166204,33.21865283620223,-96.8766766166204,33.218676677617644            ,-96.87666183253975            ,                                                            ,                                                                                                    
U 40                          ,                              ,                              ,                              ,33.21865283620223,-96.87661748029784,33.21870051903306,-96.87661748029784,33.21870051903306,-96.87664704845912,33.21865283620223,-96.87664704845912,33.218676677617644            ,-96.87663226437847            ,                                                            ,                                                                                                    
U 39                          ,                              ,                              ,                              ,33.21865283620223,-96.87658791213656,33.21870051903306,-96.87658791213656,33.21870051903306,-96.87661748029784,33.21865283620223,-96.87661748029784,33.218676677617644            ,-96.8766026962172             ,                                                            ,                                                                                                    
U 38                          ,                              ,                              ,                              ,33.218532787548405,-96.87714108245366,33.21858383629517,-96.87714108245366,33.21858383629517,-96.87717062204504,33.218532787548405,-96.87717062204504,33.21855831192178             ,-96.87715585224936            ,                                                            ,                                                                                                    
U 37                          ,                              ,                              ,                              ,33.218532787548405,-96.87711154286227,33.21858383629517,-96.87711154286227,33.21858383629517,-96.87714108245366,33.218532787548405,-96.87714108245366,33.21855831192178             ,-96.87712631265796            ,                                                            ,                                                                                                    
U 36                          ,                              ,                              ,                              ,33.218532787548405,-96.87708200327089,33.21858383629517,-96.87708200327089,33.21858383629517,-96.87711154286227,33.218532787548405,-96.87711154286227,33.21855831192178             ,-96.87709677306658            ,                                                            ,                                                                                                    
U 35                          ,                              ,                              ,                              ,33.218532787548405,-96.87705246367949,33.21858383629517,-96.87705246367949,33.21858383629517,-96.87708200327089,33.218532787548405,-96.87708200327089,33.21855831192178             ,-96.87706723347517            ,                                                            ,                                                                                                    
U 34                          ,                              ,                              ,                              ,33.218532787548405,-96.87702292408811,33.21858383629517,-96.87702292408811,33.21858383629517,-96.87705246367949,33.218532787548405,-96.87705246367949,33.21855831192178             ,-96.87703769388379            ,                                                            ,                                                                                                    
U 33                          ,                              ,                              ,                              ,33.218532787548405,-96.87699338449671,33.21858383629517,-96.87699338449671,33.21858383629517,-96.87702292408811,33.218532787548405,-96.87702292408811,33.21855831192178             ,-96.87700815429241            ,                                                            ,                                                                                                    
U 32                          ,                              ,                              ,                              ,33.218532787548405,-96.87696384490533,33.21858383629517,-96.87696384490533,33.21858383629517,-96.87699338449671,33.218532787548405,-96.87699338449671,33.21855831192178             ,-96.87697861470102            ,                                                            ,                                                                                                    
U 31                          ,                              ,                              ,                              ,33.218532787548405,-96.87693430531394,33.21858383629517,-96.87693430531394,33.21858383629517,-96.87696384490533,33.218532787548405,-96.87696384490533,33.21855831192178             ,-96.87694907510964            ,                                                            ,                                                                                                    
U 30                          ,                              ,                              ,                              ,33.218532787548405,-96.87690476572256,33.21858383629517,-96.87690476572256,33.21858383629517,-96.87693430531394,33.218532787548405,-96.87693430531394,33.21855831192178             ,-96.87691953551825            ,                                                            ,                                                                                                    
U 29                          ,                              ,                              ,                              ,33.218532787548405,-96.87687522613116,33.21858383629517,-96.87687522613116,33.21858383629517,-96.87690476572256,33.218532787548405,-96.87690476572256,33.21855831192178             ,-96.87688999592686            ,                                                            ,                                                                                                    
U 28                          ,                              ,                              ,                              ,33.218532787548405,-96.87684568653978,33.21858383629517,-96.87684568653978,33.21858383629517,-96.87687522613116,33.218532787548405,-96.87687522613116,33.21855831192178             ,-96.87686045633548            ,                                                            ,                                                                                                    
U 27                          ,                              ,                              ,                              ,33.218532787548405,-96.87681614694839,33.21858383629517,-96.87681614694839,33.21858383629517,-96.87684568653978,33.218532787548405,-96.87684568653978,33.21855831192178             ,-96.8768309167441             ,                                                            ,                                                                                                    
U 26                          ,                              ,                              ,                              ,33.218532787548405,-96.876786607357,33.21858383629517,-96.876786607357,33.21858383629517,-96.87681614694839,33.218532787548405,-96.87681614694839,33.21855831192178             ,-96.8768013771527             ,                                                            ,                                                                                                    
U 25                          ,                              ,                              ,                              ,33.218532787548405,-96.87675706776561,33.21858383629517,-96.87675706776561,33.21858383629517,-96.876786607357,33.218532787548405,-96.876786607357,33.21855831192178             ,-96.87677183756131            ,                                                            ,                                                                                                    
U 24                          ,                              ,                              ,                              ,33.218532787548405,-96.87672752817423,33.21858383629517,-96.87672752817423,33.21858383629517,-96.87675706776561,33.218532787548405,-96.87675706776561,33.21855831192178             ,-96.87674229796991            ,                                                            ,                                                                                                    
U 23                          ,                              ,                              ,                              ,33.218532787548405,-96.87669798858283,33.21858383629517,-96.87669798858283,33.21858383629517,-96.87672752817423,33.218532787548405,-96.87672752817423,33.21855831192178             ,-96.87671275837853            ,                                                            ,                                                                                                    
U 22                          ,                              ,                              ,                              ,33.218532787548405,-96.87666844899145,33.21858383629517,-96.87666844899145,33.21858383629517,-96.87669798858283,33.218532787548405,-96.87669798858283,33.21855831192178             ,-96.87668321878715            ,                                                            ,                                                                                                    
U 21                          ,                              ,                              ,                              ,33.218532787548405,-96.87663890940006,33.21858383629517,-96.87663890940006,33.21858383629517,-96.87666844899145,33.218532787548405,-96.87666844899145,33.21855831192178             ,-96.87665367919575            ,                                                            ,                                                                                                    
U 20                          ,                              ,                              ,                              ,33.218532787548405,-96.87660936980868,33.21858383629517,-96.87660936980868,33.21858383629517,-96.87663890940006,33.218532787548405,-96.87663890940006,33.21855831192178             ,-96.87662413960437            ,                                                            ,                                                                                                    
U 19                          ,                              ,                              ,                              ,33.21848005584465,-96.87714150596034,33.21853110462217,-96.87714150596034,33.21853110462217,-96.8771712925973,33.21848005584465,-96.8771712925973,33.21850558023341             ,-96.87715639927882            ,                                                            ,                                                                                                    
U 18                          ,                              ,                              ,                              ,33.21848005584465,-96.87711171932338,33.21853110462217,-96.87711171932338,33.21853110462217,-96.87714150596034,33.21848005584465,-96.87714150596034,33.21850558023341             ,-96.87712661264186            ,                                                            ,                                                                                                    
U 17                          ,                              ,                              ,                              ,33.21848005584465,-96.87708193268644,33.21853110462217,-96.87708193268644,33.21853110462217,-96.87711171932338,33.21848005584465,-96.87711171932338,33.21850558023341             ,-96.8770968260049             ,                                                            ,                                                                                                    
U 16                          ,                              ,                              ,                              ,33.21848005584465,-96.87705214604948,33.21853110462217,-96.87705214604948,33.21853110462217,-96.87708193268644,33.21848005584465,-96.87708193268644,33.21850558023341             ,-96.87706703936796            ,                                                            ,                                                                                                    
U 15                          ,                              ,                              ,                              ,33.21848005584465,-96.87702235941252,33.21853110462217,-96.87702235941252,33.21853110462217,-96.87705214604948,33.21848005584465,-96.87705214604948,33.21850558023341             ,-96.877037252731              ,                                                            ,                                                                                                    
U 14                          ,                              ,                              ,                              ,33.21848005584465,-96.87699257277556,33.21853110462217,-96.87699257277556,33.21853110462217,-96.87702235941252,33.21848005584465,-96.87702235941252,33.21850558023341             ,-96.87700746609404            ,                                                            ,                                                                                                    
U 13                          ,                              ,                              ,                              ,33.21848005584465,-96.8769627861386,33.21853110462217,-96.8769627861386,33.21853110462217,-96.87699257277556,33.21848005584465,-96.87699257277556,33.21850558023341             ,-96.87697767945708            ,                                                            ,                                                                                                    
U 12                          ,                              ,                              ,                              ,33.21848005584465,-96.87693299950166,33.21853110462217,-96.87693299950166,33.21853110462217,-96.8769627861386,33.21848005584465,-96.8769627861386,33.21850558023341             ,-96.87694789282014            ,                                                            ,                                                                                                    
U 11                          ,                              ,                              ,                              ,33.21848005584465,-96.8769032128647,33.21853110462217,-96.8769032128647,33.21853110462217,-96.87693299950166,33.21848005584465,-96.87693299950166,33.21850558023341             ,-96.87691810618318            ,                                                            ,                                                                                                    
U 10                          ,                              ,                              ,                              ,33.21848005584465,-96.87687342622775,33.21853110462217,-96.87687342622775,33.21853110462217,-96.8769032128647,33.21848005584465,-96.8769032128647,33.21850558023341             ,-96.87688831954623            ,                                                            ,                                                                                                    
U 9                           ,                              ,                              ,                              ,33.21848005584465,-96.87684363959079,33.21853110462217,-96.87684363959079,33.21853110462217,-96.87687342622775,33.21848005584465,-96.87687342622775,33.21850558023341             ,-96.87685853290927            ,                                                            ,                                                                                                    
U 8                           ,                              ,                              ,                              ,33.21848005584465,-96.87681385295384,33.21853110462217,-96.87681385295384,33.21853110462217,-96.87684363959079,33.21848005584465,-96.87684363959079,33.21850558023341             ,-96.87682874627231            ,                                                            ,                                                                                                    
U 7                           ,                              ,                              ,                              ,33.21848005584465,-96.87678406631689,33.21853110462217,-96.87678406631689,33.21853110462217,-96.87681385295384,33.21848005584465,-96.87681385295384,33.21850558023341             ,-96.87679895963537            ,                                                            ,                                                                                                    
U 6                           ,                              ,                              ,                              ,33.21848005584465,-96.87675427967993,33.21853110462217,-96.87675427967993,33.21853110462217,-96.87678406631689,33.21848005584465,-96.87678406631689,33.21850558023341             ,-96.87676917299841            ,                                                            ,                                                                                                    
U 5                           ,                              ,                              ,                              ,33.21848005584465,-96.87672449304297,33.21853110462217,-96.87672449304297,33.21853110462217,-96.87675427967993,33.21848005584465,-96.87675427967993,33.21850558023341             ,-96.87673938636145            ,                                                            ,                                                                                                    
U 4                           ,                              ,                              ,                              ,33.21848005584465,-96.87669470640601,33.21853110462217,-96.87669470640601,33.21853110462217,-96.87672449304297,33.21848005584465,-96.87672449304297,33.21850558023341             ,-96.87670959972449            ,                                                            ,                                                                                                    
U 3                           ,                              ,                              ,                              ,33.21848005584465,-96.87666491976907,33.21853110462217,-96.87666491976907,33.21853110462217,-96.87669470640601,33.21848005584465,-96.87669470640601,33.21850558023341             ,-96.87667981308753            ,                                                            ,                                                                                                    
U 2                           ,                              ,                              ,                              ,33.21848005584465,-96.87663513313211,33.21853110462217,-96.87663513313211,33.21853110462217,-96.87666491976907,33.21848005584465,-96.87666491976907,33.21850558023341             ,-96.87665002645059            ,                                                            ,                                                                                                    
U 1                           ,                              ,                              ,                              ,33.21848005584465,-96.87660534649515,33.21853110462217,-96.87660534649515,33.21853110462217,-96.87663513313211,33.21848005584465,-96.87663513313211,33.21850558023341             ,-96.87662023981363            ,                                                            ,                                                                                                    
P 300                         ,                              ,                              ,                              ,33.21779654144229,-96.878108724648,33.21779654144229,-96.87804099887038,33.21783044352496,-96.87804099887038,33.21783044352496,-96.878108724648,33.21781349248363             ,-96.87807486175919            ,                                                            ,                                                                                                    
P 299                         ,                              ,                              ,                              ,33.21776263935962,-96.878108724648,33.21776263935962,-96.87804099887038,33.21779654144229,-96.87804099887038,33.21779654144229,-96.878108724648,33.21777959040095             ,-96.87807486175919            ,                                                            ,                                                                                                    
P 298                         ,                              ,                              ,                              ,33.21772873727695,-96.878108724648,33.21772873727695,-96.87804099887038,33.21776263935962,-96.87804099887038,33.21776263935962,-96.878108724648,33.21774568831829             ,-96.87807486175919            ,                                                            ,                                                                                                    
P 297                         ,                              ,                              ,                              ,33.21769483519428,-96.878108724648,33.21769483519428,-96.87804099887038,33.21772873727695,-96.87804099887038,33.21772873727695,-96.878108724648,33.21771178623562             ,-96.87807486175919            ,                                                            ,                                                                                                    
P 296                         ,                              ,                              ,                              ,33.21766093311161,-96.878108724648,33.21766093311161,-96.87804099887038,33.21769483519428,-96.87804099887038,33.21769483519428,-96.878108724648,33.21767788415295             ,-96.87807486175919            ,                                                            ,                                                                                                    
P 295                         ,                              ,                              ,                              ,33.21762703102893,-96.878108724648,33.21762703102893,-96.87804099887038,33.21766093311161,-96.87804099887038,33.21766093311161,-96.878108724648,33.21764398207027             ,-96.87807486175919            ,                                                            ,                                                                                                    
P 294                         ,                              ,                              ,                              ,33.21759312894626,-96.878108724648,33.21759312894626,-96.87804099887038,33.21762703102893,-96.87804099887038,33.21762703102893,-96.878108724648,33.2176100799876              ,-96.87807486175919            ,                                                            ,                                                                                                    
P 293                         ,                              ,                              ,                              ,33.21755922686359,-96.878108724648,33.21755922686359,-96.87804099887038,33.21759312894626,-96.87804099887038,33.21759312894626,-96.878108724648,33.21757617790493             ,-96.87807486175919            ,                                                            ,                                                                                                    
P 292                         ,                              ,                              ,                              ,33.21752532478092,-96.878108724648,33.21752532478092,-96.87804099887038,33.21755922686359,-96.87804099887038,33.21755922686359,-96.878108724648,33.217542275822254            ,-96.87807486175919            ,                                                            ,                                                                                                    
P 291                         ,                              ,                              ,                              ,33.21749142269825,-96.878108724648,33.21749142269825,-96.87804099887038,33.21752532478092,-96.87804099887038,33.21752532478092,-96.878108724648,33.21750837373959             ,-96.87807486175919            ,                                                            ,                                                                                                    
P 290                         ,                              ,                              ,                              ,33.21745752061558,-96.878108724648,33.21745752061558,-96.87804099887038,33.21749142269825,-96.87804099887038,33.21749142269825,-96.878108724648,33.21747447165692             ,-96.87807486175919            ,                                                            ,                                                                                                    
P 289                         ,                              ,                              ,                              ,33.21742361853291,-96.878108724648,33.21742361853291,-96.87804099887038,33.21745752061558,-96.87804099887038,33.21745752061558,-96.878108724648,33.21744056957425             ,-96.87807486175919            ,                                                            ,                                                                                                    
P 288                         ,                              ,                              ,                              ,33.21738971645024,-96.878108724648,33.21738971645024,-96.87804099887038,33.21742361853291,-96.87804099887038,33.21742361853291,-96.878108724648,33.217406667491574            ,-96.87807486175919            ,                                                            ,                                                                                                    
P 287                         ,                              ,                              ,                              ,33.21735581436757,-96.878108724648,33.21735581436757,-96.87804099887038,33.21738971645024,-96.87804099887038,33.21738971645024,-96.878108724648,33.21737276540891             ,-96.87807486175919            ,                                                            ,                                                                                                    
P 286                         ,                              ,                              ,                              ,33.2173219122849,-96.878108724648,33.2173219122849,-96.87804099887038,33.21735581436757,-96.87804099887038,33.21735581436757,-96.878108724648,33.21733886332624             ,-96.87807486175919            ,                                                            ,                                                                                                    
P 285                         ,                              ,                              ,                              ,33.217288010202225,-96.878108724648,33.217288010202225,-96.87804099887038,33.2173219122849,-96.87804099887038,33.2173219122849,-96.878108724648,33.21730496124356             ,-96.87807486175919            ,                                                            ,                                                                                                    
P 284                         ,                              ,                              ,                              ,33.217254108119555,-96.878108724648,33.217254108119555,-96.87804099887038,33.217288010202225,-96.87804099887038,33.217288010202225,-96.878108724648,33.21727105916089             ,-96.87807486175919            ,                                                            ,                                                                                                    
P 283                         ,                              ,                              ,                              ,33.217220206036885,-96.878108724648,33.217220206036885,-96.87804099887038,33.217254108119555,-96.87804099887038,33.217254108119555,-96.878108724648,33.21723715707822             ,-96.87807486175919            ,                                                            ,                                                                                                    
P 282                         ,                              ,                              ,                              ,33.217186303954215,-96.878108724648,33.217186303954215,-96.87804099887038,33.217220206036885,-96.87804099887038,33.217220206036885,-96.878108724648,33.21720325499555             ,-96.87807486175919            ,                                                            ,                                                                                                    
P 281                         ,                              ,                              ,                              ,33.217152401871544,-96.878108724648,33.217152401871544,-96.87804099887038,33.217186303954215,-96.87804099887038,33.217186303954215,-96.878108724648,33.217169352912876            ,-96.87807486175919            ,                                                            ,                                                                                                    
P 280                         ,                              ,                              ,                              ,33.217118499788874,-96.878108724648,33.217118499788874,-96.87804099887038,33.217152401871544,-96.87804099887038,33.217152401871544,-96.878108724648,33.21713545083021             ,-96.87807486175919            ,                                                            ,                                                                                                    
P 279                         ,                              ,                              ,                              ,33.217084597706204,-96.878108724648,33.217084597706204,-96.87804099887038,33.217118499788874,-96.87804099887038,33.217118499788874,-96.878108724648,33.21710154874754             ,-96.87807486175919            ,                                                            ,                                                                                                    
P 278                         ,                              ,                              ,                              ,33.217050695623534,-96.878108724648,33.217050695623534,-96.87804099887038,33.217084597706204,-96.87804099887038,33.217084597706204,-96.878108724648,33.21706764666487             ,-96.87807486175919            ,                                                            ,                                                                                                    
P 277                         ,                              ,                              ,                              ,33.217016793540864,-96.878108724648,33.217016793540864,-96.87804099887038,33.217050695623534,-96.87804099887038,33.217050695623534,-96.878108724648,33.217033744582196            ,-96.87807486175919            ,                                                            ,                                                                                                    
P 276                         ,                              ,                              ,                              ,33.21698289145819,-96.878108724648,33.21698289145819,-96.87804099887038,33.217016793540864,-96.87804099887038,33.217016793540864,-96.878108724648,33.216999842499526            ,-96.87807486175919            ,                                                            ,                                                                                                    
P 275                         ,                              ,                              ,                              ,33.21694898937552,-96.878108724648,33.21694898937552,-96.87804099887038,33.21698289145819,-96.87804099887038,33.21698289145819,-96.878108724648,33.216965940416856            ,-96.87807486175919            ,                                                            ,                                                                                                    
P 274                         ,                              ,                              ,                              ,33.21691508729285,-96.878108724648,33.21691508729285,-96.87804099887038,33.21694898937552,-96.87804099887038,33.21694898937552,-96.878108724648,33.21693203833418             ,-96.87807486175919            ,                                                            ,                                                                                                    
P 273                         ,                              ,                              ,                              ,33.21688118521018,-96.878108724648,33.21688118521018,-96.87804099887038,33.21691508729285,-96.87804099887038,33.21691508729285,-96.878108724648,33.216898136251515            ,-96.87807486175919            ,                                                            ,                                                                                                    
P 272                         ,                              ,                              ,                              ,33.21684728312751,-96.878108724648,33.21684728312751,-96.87804099887038,33.21688118521018,-96.87804099887038,33.21688118521018,-96.878108724648,33.216864234168845            ,-96.87807486175919            ,                                                            ,                                                                                                    
P 271                         ,                              ,                              ,                              ,33.21681338104484,-96.878108724648,33.21681338104484,-96.87804099887038,33.21684728312751,-96.87804099887038,33.21684728312751,-96.878108724648,33.216830332086175            ,-96.87807486175919            ,                                                            ,                                                                                                    
P 270                         ,                              ,                              ,                              ,33.21780089838631,-96.87803831666136,33.21780089838631,-96.87795248597288,33.217834931364074,-96.87795248597288,33.217834931364074,-96.87803831666136,33.21781791487519             ,-96.87799540131712            ,                                                            ,                                                                                                    
P 269                         ,                              ,                              ,                              ,33.21776686540854,-96.87803831666136,33.21776686540854,-96.87795248597288,33.21780089838631,-96.87795248597288,33.21780089838631,-96.87803831666136,33.217783881897425            ,-96.87799540131712            ,                                                            ,                                                                                                    
P 268                         ,                              ,                              ,                              ,33.21773283243077,-96.87803831666136,33.21773283243077,-96.87795248597288,33.21776686540854,-96.87795248597288,33.21776686540854,-96.87803831666136,33.21774984891966             ,-96.87799540131712            ,                                                            ,                                                                                                    
P 267                         ,                              ,                              ,                              ,33.217698799453004,-96.87803831666136,33.217698799453004,-96.87795248597288,33.21773283243077,-96.87795248597288,33.21773283243077,-96.87803831666136,33.21771581594189             ,-96.87799540131712            ,                                                            ,                                                                                                    
P 266                         ,                              ,                              ,                              ,33.21766476647524,-96.87803831666136,33.21766476647524,-96.87795248597288,33.217698799453004,-96.87795248597288,33.217698799453004,-96.87803831666136,33.21768178296412             ,-96.87799540131712            ,                                                            ,                                                                                                    
P 265                         ,                              ,                              ,                              ,33.21763073349747,-96.87803831666136,33.21763073349747,-96.87795248597288,33.21766476647524,-96.87795248597288,33.21766476647524,-96.87803831666136,33.217647749986355            ,-96.87799540131712            ,                                                            ,                                                                                                    
P 264                         ,                              ,                              ,                              ,33.2175967005197,-96.87803831666136,33.2175967005197,-96.87795248597288,33.21763073349747,-96.87795248597288,33.21763073349747,-96.87803831666136,33.21761371700859             ,-96.87799540131712            ,                                                            ,                                                                                                    
P 263                         ,                              ,                              ,                              ,33.217562667541934,-96.87803831666136,33.217562667541934,-96.87795248597288,33.2175967005197,-96.87795248597288,33.2175967005197,-96.87803831666136,33.21757968403082             ,-96.87799540131712            ,                                                            ,                                                                                                    
P 262                         ,                              ,                              ,                              ,33.21752863456417,-96.87803831666136,33.21752863456417,-96.87795248597288,33.217562667541934,-96.87795248597288,33.217562667541934,-96.87803831666136,33.21754565105305             ,-96.87799540131712            ,                                                            ,                                                                                                    
P 261                         ,                              ,                              ,                              ,33.2174946015864,-96.87803831666136,33.2174946015864,-96.87795248597288,33.21752863456417,-96.87795248597288,33.21752863456417,-96.87803831666136,33.217511618075285            ,-96.87799540131712            ,                                                            ,                                                                                                    
P 260                         ,                              ,                              ,                              ,33.21746056860863,-96.87803831666136,33.21746056860863,-96.87795248597288,33.2174946015864,-96.87795248597288,33.2174946015864,-96.87803831666136,33.21747758509751             ,-96.87799540131712            ,                                                            ,                                                                                                    
P 259                         ,                              ,                              ,                              ,33.217426535630864,-96.87803831666136,33.217426535630864,-96.87795248597288,33.21746056860863,-96.87795248597288,33.21746056860863,-96.87803831666136,33.21744355211975             ,-96.87799540131712            ,                                                            ,                                                                                                    
P 258                         ,                              ,                              ,                              ,33.2173925026531,-96.87803831666136,33.2173925026531,-96.87795248597288,33.217426535630864,-96.87795248597288,33.217426535630864,-96.87803831666136,33.21740951914198             ,-96.87799540131712            ,                                                            ,                                                                                                    
P 257                         ,                              ,                              ,                              ,33.21735846967533,-96.87803831666136,33.21735846967533,-96.87795248597288,33.2173925026531,-96.87795248597288,33.2173925026531,-96.87803831666136,33.217375486164215            ,-96.87799540131712            ,                                                            ,                                                                                                    
P 256                         ,                              ,                              ,                              ,33.21732443669757,-96.87803831666136,33.21732443669757,-96.87795248597288,33.21735846967533,-96.87795248597288,33.21735846967533,-96.87803831666136,33.21734145318645             ,-96.87799540131712            ,                                                            ,                                                                                                    
P 255                         ,                              ,                              ,                              ,33.217290403719794,-96.87803831666136,33.217290403719794,-96.87795248597288,33.21732443669757,-96.87795248597288,33.21732443669757,-96.87803831666136,33.217307420208684            ,-96.87799540131712            ,                                                            ,                                                                                                    
P 254                         ,                              ,                              ,                              ,33.21725637074203,-96.87803831666136,33.21725637074203,-96.87795248597288,33.217290403719794,-96.87795248597288,33.217290403719794,-96.87803831666136,33.21727338723091             ,-96.87799540131712            ,                                                            ,                                                                                                    
P 253                         ,                              ,                              ,                              ,33.21722233776426,-96.87803831666136,33.21722233776426,-96.87795248597288,33.21725637074203,-96.87795248597288,33.21725637074203,-96.87803831666136,33.217239354253145            ,-96.87799540131712            ,                                                            ,                                                                                                    
P 252                         ,                              ,                              ,                              ,33.2171883047865,-96.87803831666136,33.2171883047865,-96.87795248597288,33.21722233776426,-96.87795248597288,33.21722233776426,-96.87803831666136,33.21720532127538             ,-96.87799540131712            ,                                                            ,                                                                                                    
P 251                         ,                              ,                              ,                              ,33.217154271808724,-96.87803831666136,33.217154271808724,-96.87795248597288,33.2171883047865,-96.87795248597288,33.2171883047865,-96.87803831666136,33.217171288297614            ,-96.87799540131712            ,                                                            ,                                                                                                    
P 250                         ,                              ,                              ,                              ,33.21712023883096,-96.87803831666136,33.21712023883096,-96.87795248597288,33.217154271808724,-96.87795248597288,33.217154271808724,-96.87803831666136,33.21713725531984             ,-96.87799540131712            ,                                                            ,                                                                                                    
P 249                         ,                              ,                              ,                              ,33.21708620585319,-96.87803831666136,33.21708620585319,-96.87795248597288,33.21712023883096,-96.87795248597288,33.21712023883096,-96.87803831666136,33.217103222342075            ,-96.87799540131712            ,                                                            ,                                                                                                    
P 248                         ,                              ,                              ,                              ,33.21705217287543,-96.87803831666136,33.21705217287543,-96.87795248597288,33.21708620585319,-96.87795248597288,33.21708620585319,-96.87803831666136,33.21706918936431             ,-96.87799540131712            ,                                                            ,                                                                                                    
P 247                         ,                              ,                              ,                              ,33.217018139897654,-96.87803831666136,33.217018139897654,-96.87795248597288,33.21705217287543,-96.87795248597288,33.21705217287543,-96.87803831666136,33.217035156386544            ,-96.87799540131712            ,                                                            ,                                                                                                    
P 246                         ,                              ,                              ,                              ,33.21698410691989,-96.87803831666136,33.21698410691989,-96.87795248597288,33.217018139897654,-96.87795248597288,33.217018139897654,-96.87803831666136,33.21700112340877             ,-96.87799540131712            ,                                                            ,                                                                                                    
P 245                         ,                              ,                              ,                              ,33.21695007394212,-96.87803831666136,33.21695007394212,-96.87795248597288,33.21698410691989,-96.87795248597288,33.21698410691989,-96.87803831666136,33.216967090431005            ,-96.87799540131712            ,                                                            ,                                                                                                    
P 244                         ,                              ,                              ,                              ,33.21691604096436,-96.87803831666136,33.21691604096436,-96.87795248597288,33.21695007394212,-96.87795248597288,33.21695007394212,-96.87803831666136,33.21693305745324             ,-96.87799540131712            ,                                                            ,                                                                                                    
P 243                         ,                              ,                              ,                              ,33.216882007986584,-96.87803831666136,33.216882007986584,-96.87795248597288,33.21691604096436,-96.87795248597288,33.21691604096436,-96.87803831666136,33.21689902447547             ,-96.87799540131712            ,                                                            ,                                                                                                    
P 242                         ,                              ,                              ,                              ,33.21684797500882,-96.87803831666136,33.21684797500882,-96.87795248597288,33.216882007986584,-96.87795248597288,33.216882007986584,-96.87803831666136,33.2168649914977              ,-96.87799540131712            ,                                                            ,                                                                                                    
P 241                         ,                              ,                              ,                              ,33.21681394203105,-96.87803831666136,33.21681394203105,-96.87795248597288,33.21684797500882,-96.87795248597288,33.21684797500882,-96.87803831666136,33.216830958519935            ,-96.87799540131712            ,                                                            ,                                                                                                    
P 240                         ,                              ,                              ,                              ,33.217793007265335,-96.87714111774588,33.217793007265335,-96.87707942693854,33.217827077645254,-96.87707942693854,33.217827077645254,-96.87714111774588,33.2178100424553              ,-96.87711027234221            ,                                                            ,                                                                                                    
P 239                         ,                              ,                              ,                              ,33.21775893688542,-96.87714111774588,33.21775893688542,-96.87707942693854,33.217793007265335,-96.87707942693854,33.217793007265335,-96.87714111774588,33.21777597207537             ,-96.87711027234221            ,                                                            ,                                                                                                    
P 238                         ,                              ,                              ,                              ,33.217724866505506,-96.87714111774588,33.217724866505506,-96.87707942693854,33.21775893688542,-96.87707942693854,33.21775893688542,-96.87714111774588,33.21774190169546             ,-96.87711027234221            ,                                                            ,                                                                                                    
P 237                         ,                              ,                              ,                              ,33.21769079612559,-96.87714111774588,33.21769079612559,-96.87707942693854,33.217724866505506,-96.87707942693854,33.217724866505506,-96.87714111774588,33.21770783131555             ,-96.87711027234221            ,                                                            ,                                                                                                    
P 236                         ,                              ,                              ,                              ,33.21765672574567,-96.87714111774588,33.21765672574567,-96.87707942693854,33.21769079612559,-96.87707942693854,33.21769079612559,-96.87714111774588,33.21767376093563             ,-96.87711027234221            ,                                                            ,                                                                                                    
P 235                         ,                              ,                              ,                              ,33.21762265536575,-96.87714111774588,33.21762265536575,-96.87707942693854,33.21765672574567,-96.87707942693854,33.21765672574567,-96.87714111774588,33.217639690555714            ,-96.87711027234221            ,                                                            ,                                                                                                    
P 234                         ,                              ,                              ,                              ,33.21758858498584,-96.87714111774588,33.21758858498584,-96.87707942693854,33.21762265536575,-96.87707942693854,33.21762265536575,-96.87714111774588,33.217605620175796            ,-96.87711027234221            ,                                                            ,                                                                                                    
P 233                         ,                              ,                              ,                              ,33.21755451460592,-96.87714111774588,33.21755451460592,-96.87707942693854,33.21758858498584,-96.87707942693854,33.21758858498584,-96.87714111774588,33.21757154979588             ,-96.87711027234221            ,                                                            ,                                                                                                    
P 232                         ,                              ,                              ,                              ,33.217520444226004,-96.87714111774588,33.217520444226004,-96.87707942693854,33.21755451460592,-96.87707942693854,33.21755451460592,-96.87714111774588,33.21753747941597             ,-96.87711027234221            ,                                                            ,                                                                                                    
P 231                         ,                              ,                              ,                              ,33.217486373846086,-96.87714111774588,33.217486373846086,-96.87707942693854,33.217520444226004,-96.87707942693854,33.217520444226004,-96.87714111774588,33.21750340903605             ,-96.87711027234221            ,                                                            ,                                                                                                    
P 230                         ,                              ,                              ,                              ,33.217452303466175,-96.87714111774588,33.217452303466175,-96.87707942693854,33.217486373846086,-96.87707942693854,33.217486373846086,-96.87714111774588,33.21746933865613             ,-96.87711027234221            ,                                                            ,                                                                                                    
P 229                         ,                              ,                              ,                              ,33.217418233086256,-96.87714111774588,33.217418233086256,-96.87707942693854,33.217452303466175,-96.87707942693854,33.217452303466175,-96.87714111774588,33.21743526827622             ,-96.87711027234221            ,                                                            ,                                                                                                    
P 228                         ,                              ,                              ,                              ,33.21738416270634,-96.87714111774588,33.21738416270634,-96.87707942693854,33.217418233086256,-96.87707942693854,33.217418233086256,-96.87714111774588,33.217401197896294            ,-96.87711027234221            ,                                                            ,                                                                                                    
P 227                         ,                              ,                              ,                              ,33.21735009232642,-96.87714111774588,33.21735009232642,-96.87707942693854,33.21738416270634,-96.87707942693854,33.21738416270634,-96.87714111774588,33.21736712751638             ,-96.87711027234221            ,                                                            ,                                                                                                    
P 226                         ,                              ,                              ,                              ,33.2173160219465,-96.87714111774588,33.2173160219465,-96.87707942693854,33.21735009232642,-96.87707942693854,33.21735009232642,-96.87714111774588,33.217333057136464            ,-96.87711027234221            ,                                                            ,                                                                                                    
P 225                         ,                              ,                              ,                              ,33.21728195156659,-96.87714111774588,33.21728195156659,-96.87707942693854,33.2173160219465,-96.87707942693854,33.2173160219465,-96.87714111774588,33.217298986756546            ,-96.87711027234221            ,                                                            ,                                                                                                    
P 224                         ,                              ,                              ,                              ,33.21724788118667,-96.87714111774588,33.21724788118667,-96.87707942693854,33.21728195156659,-96.87707942693854,33.21728195156659,-96.87714111774588,33.217264916376635            ,-96.87711027234221            ,                                                            ,                                                                                                    
P 223                         ,                              ,                              ,                              ,33.217213810806754,-96.87714111774588,33.217213810806754,-96.87707942693854,33.21724788118667,-96.87707942693854,33.21724788118667,-96.87714111774588,33.21723084599671             ,-96.87711027234221            ,                                                            ,                                                                                                    
P 222                         ,                              ,                              ,                              ,33.217179740426836,-96.87714111774588,33.217179740426836,-96.87707942693854,33.217213810806754,-96.87707942693854,33.217213810806754,-96.87714111774588,33.2171967756168              ,-96.87711027234221            ,                                                            ,                                                                                                    
P 221                         ,                              ,                              ,                              ,33.217145670046925,-96.87714111774588,33.217145670046925,-96.87707942693854,33.217179740426836,-96.87707942693854,33.217179740426836,-96.87714111774588,33.21716270523688             ,-96.87711027234221            ,                                                            ,                                                                                                    
P 220                         ,                              ,                              ,                              ,33.21711159966701,-96.87714111774588,33.21711159966701,-96.87707942693854,33.217145670046925,-96.87707942693854,33.217145670046925,-96.87714111774588,33.21712863485697             ,-96.87711027234221            ,                                                            ,                                                                                                    
P 219                         ,                              ,                              ,                              ,33.21707752928709,-96.87714111774588,33.21707752928709,-96.87707942693854,33.21711159966701,-96.87707942693854,33.21711159966701,-96.87714111774588,33.21709456447705             ,-96.87711027234221            ,                                                            ,                                                                                                    
P 218                         ,                              ,                              ,                              ,33.21704345890717,-96.87714111774588,33.21704345890717,-96.87707942693854,33.21707752928709,-96.87707942693854,33.21707752928709,-96.87714111774588,33.217060494097126            ,-96.87711027234221            ,                                                            ,                                                                                                    
P 217                         ,                              ,                              ,                              ,33.21700938852726,-96.87714111774588,33.21700938852726,-96.87707942693854,33.21704345890717,-96.87707942693854,33.21704345890717,-96.87714111774588,33.217026423717215            ,-96.87711027234221            ,                                                            ,                                                                                                    
P 216                         ,                              ,                              ,                              ,33.21697531814734,-96.87714111774588,33.21697531814734,-96.87707942693854,33.21700938852726,-96.87707942693854,33.21700938852726,-96.87714111774588,33.216992353337304            ,-96.87711027234221            ,                                                            ,                                                                                                    
P 215                         ,                              ,                              ,                              ,33.21694124776742,-96.87714111774588,33.21694124776742,-96.87707942693854,33.21697531814734,-96.87707942693854,33.21697531814734,-96.87714111774588,33.216958282957386            ,-96.87711027234221            ,                                                            ,                                                                                                    
P 214                         ,                              ,                              ,                              ,33.216907177387505,-96.87714111774588,33.216907177387505,-96.87707942693854,33.21694124776742,-96.87707942693854,33.21694124776742,-96.87714111774588,33.21692421257747             ,-96.87711027234221            ,                                                            ,                                                                                                    
P 213                         ,                              ,                              ,                              ,33.21687310700759,-96.87714111774588,33.21687310700759,-96.87707942693854,33.216907177387505,-96.87707942693854,33.216907177387505,-96.87714111774588,33.21689014219755             ,-96.87711027234221            ,                                                            ,                                                                                                    
P 212                         ,                              ,                              ,                              ,33.216839036627675,-96.87714111774588,33.216839036627675,-96.87707942693854,33.21687310700759,-96.87707942693854,33.21687310700759,-96.87714111774588,33.21685607181763             ,-96.87711027234221            ,                                                            ,                                                                                                    
P 211                         ,                              ,                              ,                              ,33.21680496624776,-96.87714111774588,33.21680496624776,-96.87707942693854,33.216839036627675,-96.87707942693854,33.216839036627675,-96.87714111774588,33.21682200143772             ,-96.87711027234221            ,                                                            ,                                                                                                    
P 210                         ,                              ,                              ,                              ,33.21684195375476,-96.87715586989546,33.21684195375476,-96.87724438279295,33.21680777117995,-96.87724438279295,33.21680777117995,-96.87715586989546,33.216824862467355            ,-96.8772001263442             ,                                                            ,                                                                                                    
P 209                         ,                              ,                              ,                              ,33.21687613632957,-96.87715586989546,33.21687613632957,-96.87724438279295,33.21684195375476,-96.87724438279295,33.21684195375476,-96.87715586989546,33.21685904504216             ,-96.8772001263442             ,                                                            ,                                                                                                    
P 208                         ,                              ,                              ,                              ,33.216910318904375,-96.87715586989546,33.216910318904375,-96.87724438279295,33.21687613632957,-96.87724438279295,33.21687613632957,-96.87715586989546,33.21689322761697             ,-96.8772001263442             ,                                                            ,                                                                                                    
P 207                         ,                              ,                              ,                              ,33.21694450147918,-96.87715586989546,33.21694450147918,-96.87724438279295,33.216910318904375,-96.87724438279295,33.216910318904375,-96.87715586989546,33.21692741019178             ,-96.8772001263442             ,                                                            ,                                                                                                    
P 206                         ,                              ,                              ,                              ,33.21697868405399,-96.87715586989546,33.21697868405399,-96.87724438279295,33.21694450147918,-96.87724438279295,33.21694450147918,-96.87715586989546,33.21696159276659             ,-96.8772001263442             ,                                                            ,                                                                                                    
P 205                         ,                              ,                              ,                              ,33.2170128666288,-96.87715586989546,33.2170128666288,-96.87724438279295,33.21697868405399,-96.87724438279295,33.21697868405399,-96.87715586989546,33.216995775341395            ,-96.8772001263442             ,                                                            ,                                                                                                    
P 204                         ,                              ,                              ,                              ,33.21704704920361,-96.87715586989546,33.21704704920361,-96.87724438279295,33.2170128666288,-96.87724438279295,33.2170128666288,-96.87715586989546,33.2170299579162              ,-96.8772001263442             ,                                                            ,                                                                                                    
P 203                         ,                              ,                              ,                              ,33.217081231778415,-96.87715586989546,33.217081231778415,-96.87724438279295,33.21704704920361,-96.87724438279295,33.21704704920361,-96.87715586989546,33.21706414049101             ,-96.8772001263442             ,                                                            ,                                                                                                    
P 202                         ,                              ,                              ,                              ,33.21711541435322,-96.87715586989546,33.21711541435322,-96.87724438279295,33.217081231778415,-96.87724438279295,33.217081231778415,-96.87715586989546,33.21709832306582             ,-96.8772001263442             ,                                                            ,                                                                                                    
P 201                         ,                              ,                              ,                              ,33.21714959692803,-96.87715586989546,33.21714959692803,-96.87724438279295,33.21711541435322,-96.87724438279295,33.21711541435322,-96.87715586989546,33.21713250564063             ,-96.8772001263442             ,                                                            ,                                                                                                    
P 200                         ,                              ,                              ,                              ,33.21718377950284,-96.87715586989546,33.21718377950284,-96.87724438279295,33.21714959692803,-96.87724438279295,33.21714959692803,-96.87715586989546,33.217166688215435            ,-96.8772001263442             ,                                                            ,                                                                                                    
P 199                         ,                              ,                              ,                              ,33.21721796207765,-96.87715586989546,33.21721796207765,-96.87724438279295,33.21718377950284,-96.87724438279295,33.21718377950284,-96.87715586989546,33.21720087079024             ,-96.8772001263442             ,                                                            ,                                                                                                    
P 198                         ,                              ,                              ,                              ,33.217252144652456,-96.87715586989546,33.217252144652456,-96.87724438279295,33.21721796207765,-96.87724438279295,33.21721796207765,-96.87715586989546,33.21723505336505             ,-96.8772001263442             ,                                                            ,                                                                                                    
P 197                         ,                              ,                              ,                              ,33.217286327227264,-96.87715586989546,33.217286327227264,-96.87724438279295,33.217252144652456,-96.87724438279295,33.217252144652456,-96.87715586989546,33.21726923593986             ,-96.8772001263442             ,                                                            ,                                                                                                    
P 196                         ,                              ,                              ,                              ,33.21732050980208,-96.87715586989546,33.21732050980208,-96.87724438279295,33.217286327227264,-96.87724438279295,33.217286327227264,-96.87715586989546,33.217303418514675            ,-96.8772001263442             ,                                                            ,                                                                                                    
P 195                         ,                              ,                              ,                              ,33.21735469237689,-96.87715586989546,33.21735469237689,-96.87724438279295,33.21732050980208,-96.87724438279295,33.21732050980208,-96.87715586989546,33.21733760108948             ,-96.8772001263442             ,                                                            ,                                                                                                    
P 194                         ,                              ,                              ,                              ,33.217388874951695,-96.87715586989546,33.217388874951695,-96.87724438279295,33.21735469237689,-96.87724438279295,33.21735469237689,-96.87715586989546,33.21737178366429             ,-96.8772001263442             ,                                                            ,                                                                                                    
P 193                         ,                              ,                              ,                              ,33.2174230575265,-96.87715586989546,33.2174230575265,-96.87724438279295,33.217388874951695,-96.87724438279295,33.217388874951695,-96.87715586989546,33.2174059662391              ,-96.8772001263442             ,                                                            ,                                                                                                    
P 192                         ,                              ,                              ,                              ,33.21745724010131,-96.87715586989546,33.21745724010131,-96.87724438279295,33.2174230575265,-96.87724438279295,33.2174230575265,-96.87715586989546,33.21744014881391             ,-96.8772001263442             ,                                                            ,                                                                                                    
P 191                         ,                              ,                              ,                              ,33.21749142267612,-96.87715586989546,33.21749142267612,-96.87724438279295,33.21745724010131,-96.87724438279295,33.21745724010131,-96.87715586989546,33.217474331388715            ,-96.8772001263442             ,                                                            ,                                                                                                    
P 190                         ,                              ,                              ,                              ,33.21752560525093,-96.87715586989546,33.21752560525093,-96.87724438279295,33.21749142267612,-96.87724438279295,33.21749142267612,-96.87715586989546,33.21750851396352             ,-96.8772001263442             ,                                                            ,                                                                                                    
P 189                         ,                              ,                              ,                              ,33.217559787825735,-96.87715586989546,33.217559787825735,-96.87724438279295,33.21752560525093,-96.87724438279295,33.21752560525093,-96.87715586989546,33.21754269653833             ,-96.8772001263442             ,                                                            ,                                                                                                    
P 188                         ,                              ,                              ,                              ,33.21759397040054,-96.87715586989546,33.21759397040054,-96.87724438279295,33.217559787825735,-96.87724438279295,33.217559787825735,-96.87715586989546,33.21757687911314             ,-96.8772001263442             ,                                                            ,                                                                                                    
P 187                         ,                              ,                              ,                              ,33.21762815297535,-96.87715586989546,33.21762815297535,-96.87724438279295,33.21759397040054,-96.87724438279295,33.21759397040054,-96.87715586989546,33.21761106168795             ,-96.8772001263442             ,                                                            ,                                                                                                    
P 186                         ,                              ,                              ,                              ,33.21766233555016,-96.87715586989546,33.21766233555016,-96.87724438279295,33.21762815297535,-96.87724438279295,33.21762815297535,-96.87715586989546,33.217645244262755            ,-96.8772001263442             ,                                                            ,                                                                                                    
P 185                         ,                              ,                              ,                              ,33.21769651812497,-96.87715586989546,33.21769651812497,-96.87724438279295,33.21766233555016,-96.87724438279295,33.21766233555016,-96.87715586989546,33.21767942683756             ,-96.8772001263442             ,                                                            ,                                                                                                    
P 184                         ,                              ,                              ,                              ,33.217730700699775,-96.87715586989546,33.217730700699775,-96.87724438279295,33.21769651812497,-96.87724438279295,33.21769651812497,-96.87715586989546,33.21771360941237             ,-96.8772001263442             ,                                                            ,                                                                                                    
P 183                         ,                              ,                              ,                              ,33.21776488327458,-96.87715586989546,33.21776488327458,-96.87724438279295,33.217730700699775,-96.87724438279295,33.217730700699775,-96.87715586989546,33.21774779198718             ,-96.8772001263442             ,                                                            ,                                                                                                    
P 182                         ,                              ,                              ,                              ,33.21779906584939,-96.87715586989546,33.21779906584939,-96.87724438279295,33.21776488327458,-96.87724438279295,33.21776488327458,-96.87715586989546,33.21778197456199             ,-96.8772001263442             ,                                                            ,                                                                                                    
P 181                         ,                              ,                              ,                              ,33.2178332484242,-96.87715586989546,33.2178332484242,-96.87724438279295,33.21779906584939,-96.87724438279295,33.21779906584939,-96.87715586989546,33.217816157136795            ,-96.8772001263442             ,                                                            ,                                                                                                    
P 180                         ,                              ,                              ,                              ,33.216839784607075,-96.87728729813719,33.216839784607075,-96.87735971778059,33.21680552723407,-96.87735971778059,33.21680552723407,-96.87728729813719,33.21682265592057             ,-96.87732350795889            ,                                                            ,                                                                                                    
P 179                         ,                              ,                              ,                              ,33.216874041980084,-96.87728729813719,33.216874041980084,-96.87735971778059,33.216839784607075,-96.87735971778059,33.216839784607075,-96.87728729813719,33.21685691329358             ,-96.87732350795889            ,                                                            ,                                                                                                    
P 178                         ,                              ,                              ,                              ,33.216908299353086,-96.87728729813719,33.216908299353086,-96.87735971778059,33.216874041980084,-96.87735971778059,33.216874041980084,-96.87728729813719,33.216891170666585            ,-96.87732350795889            ,                                                            ,                                                                                                    
P 177                         ,                              ,                              ,                              ,33.21694255672609,-96.87728729813719,33.21694255672609,-96.87735971778059,33.216908299353086,-96.87735971778059,33.216908299353086,-96.87728729813719,33.21692542803959             ,-96.87732350795889            ,                                                            ,                                                                                                    
P 176                         ,                              ,                              ,                              ,33.21697681409909,-96.87728729813719,33.21697681409909,-96.87735971778059,33.21694255672609,-96.87735971778059,33.21694255672609,-96.87728729813719,33.21695968541259             ,-96.87732350795889            ,                                                            ,                                                                                                    
P 175                         ,                              ,                              ,                              ,33.2170110714721,-96.87728729813719,33.2170110714721,-96.87735971778059,33.21697681409909,-96.87735971778059,33.21697681409909,-96.87728729813719,33.2169939427856              ,-96.87732350795889            ,                                                            ,                                                                                                    
P 174                         ,                              ,                              ,                              ,33.2170453288451,-96.87728729813719,33.2170453288451,-96.87735971778059,33.2170110714721,-96.87735971778059,33.2170110714721,-96.87728729813719,33.2170282001586              ,-96.87732350795889            ,                                                            ,                                                                                                    
P 173                         ,                              ,                              ,                              ,33.217079586218105,-96.87728729813719,33.217079586218105,-96.87735971778059,33.2170453288451,-96.87735971778059,33.2170453288451,-96.87728729813719,33.217062457531604            ,-96.87732350795889            ,                                                            ,                                                                                                    
P 172                         ,                              ,                              ,                              ,33.21711384359111,-96.87728729813719,33.21711384359111,-96.87735971778059,33.217079586218105,-96.87735971778059,33.217079586218105,-96.87728729813719,33.217096714904606            ,-96.87732350795889            ,                                                            ,                                                                                                    
P 171                         ,                              ,                              ,                              ,33.21714810096412,-96.87728729813719,33.21714810096412,-96.87735971778059,33.21711384359111,-96.87735971778059,33.21711384359111,-96.87728729813719,33.217130972277616            ,-96.87732350795889            ,                                                            ,                                                                                                    
P 170                         ,                              ,                              ,                              ,33.21718235833712,-96.87728729813719,33.21718235833712,-96.87735971778059,33.21714810096412,-96.87735971778059,33.21714810096412,-96.87728729813719,33.21716522965062             ,-96.87732350795889            ,                                                            ,                                                                                                    
P 169                         ,                              ,                              ,                              ,33.21721661571012,-96.87728729813719,33.21721661571012,-96.87735971778059,33.21718235833712,-96.87735971778059,33.21718235833712,-96.87728729813719,33.21719948702362             ,-96.87732350795889            ,                                                            ,                                                                                                    
P 168                         ,                              ,                              ,                              ,33.217250873083124,-96.87728729813719,33.217250873083124,-96.87735971778059,33.21721661571012,-96.87735971778059,33.21721661571012,-96.87728729813719,33.21723374439662             ,-96.87732350795889            ,                                                            ,                                                                                                    
P 167                         ,                              ,                              ,                              ,33.21728513045613,-96.87728729813719,33.21728513045613,-96.87735971778059,33.217250873083124,-96.87735971778059,33.217250873083124,-96.87728729813719,33.217268001769625            ,-96.87732350795889            ,                                                            ,                                                                                                    
P 166                         ,                              ,                              ,                              ,33.217319387829136,-96.87728729813719,33.217319387829136,-96.87735971778059,33.21728513045613,-96.87735971778059,33.21728513045613,-96.87728729813719,33.217302259142635            ,-96.87732350795889            ,                                                            ,                                                                                                    
P 165                         ,                              ,                              ,                              ,33.21735364520214,-96.87728729813719,33.21735364520214,-96.87735971778059,33.217319387829136,-96.87735971778059,33.217319387829136,-96.87728729813719,33.21733651651564             ,-96.87732350795889            ,                                                            ,                                                                                                    
P 164                         ,                              ,                              ,                              ,33.21738790257515,-96.87728729813719,33.21738790257515,-96.87735971778059,33.21735364520214,-96.87735971778059,33.21735364520214,-96.87728729813719,33.217370773888646            ,-96.87732350795889            ,                                                            ,                                                                                                    
P 163                         ,                              ,                              ,                              ,33.21742215994815,-96.87728729813719,33.21742215994815,-96.87735971778059,33.21738790257515,-96.87735971778059,33.21738790257515,-96.87728729813719,33.21740503126165             ,-96.87732350795889            ,                                                            ,                                                                                                    
P 162                         ,                              ,                              ,                              ,33.21745641732115,-96.87728729813719,33.21745641732115,-96.87735971778059,33.21742215994815,-96.87735971778059,33.21742215994815,-96.87728729813719,33.21743928863465             ,-96.87732350795889            ,                                                            ,                                                                                                    
P 161                         ,                              ,                              ,                              ,33.217490674694155,-96.87728729813719,33.217490674694155,-96.87735971778059,33.21745641732115,-96.87735971778059,33.21745641732115,-96.87728729813719,33.21747354600765             ,-96.87732350795889            ,                                                            ,                                                                                                    
P 160                         ,                              ,                              ,                              ,33.217524932067164,-96.87728729813719,33.217524932067164,-96.87735971778059,33.217490674694155,-96.87735971778059,33.217490674694155,-96.87728729813719,33.217507803380656            ,-96.87732350795889            ,                                                            ,                                                                                                    
P 159                         ,                              ,                              ,                              ,33.217559189440166,-96.87728729813719,33.217559189440166,-96.87735971778059,33.217524932067164,-96.87735971778059,33.217524932067164,-96.87728729813719,33.217542060753665            ,-96.87732350795889            ,                                                            ,                                                                                                    
P 158                         ,                              ,                              ,                              ,33.21759344681317,-96.87728729813719,33.21759344681317,-96.87735971778059,33.217559189440166,-96.87735971778059,33.217559189440166,-96.87728729813719,33.21757631812667             ,-96.87732350795889            ,                                                            ,                                                                                                    
P 157                         ,                              ,                              ,                              ,33.21762770418617,-96.87728729813719,33.21762770418617,-96.87735971778059,33.21759344681317,-96.87735971778059,33.21759344681317,-96.87728729813719,33.21761057549967             ,-96.87732350795889            ,                                                            ,                                                                                                    
P 156                         ,                              ,                              ,                              ,33.21766196155918,-96.87728729813719,33.21766196155918,-96.87735971778059,33.21762770418617,-96.87735971778059,33.21762770418617,-96.87728729813719,33.21764483287268             ,-96.87732350795889            ,                                                            ,                                                                                                    
P 155                         ,                              ,                              ,                              ,33.21769621893218,-96.87728729813719,33.21769621893218,-96.87735971778059,33.21766196155918,-96.87735971778059,33.21766196155918,-96.87728729813719,33.21767909024568             ,-96.87732350795889            ,                                                            ,                                                                                                    
P 154                         ,                              ,                              ,                              ,33.217730476305185,-96.87728729813719,33.217730476305185,-96.87735971778059,33.21769621893218,-96.87735971778059,33.21769621893218,-96.87728729813719,33.217713347618684            ,-96.87732350795889            ,                                                            ,                                                                                                    
P 153                         ,                              ,                              ,                              ,33.21776473367819,-96.87728729813719,33.21776473367819,-96.87735971778059,33.217730476305185,-96.87735971778059,33.217730476305185,-96.87728729813719,33.217747604991686            ,-96.87732350795889            ,                                                            ,                                                                                                    
P 152                         ,                              ,                              ,                              ,33.2177989910512,-96.87728729813719,33.2177989910512,-96.87735971778059,33.21776473367819,-96.87735971778059,33.21776473367819,-96.87728729813719,33.217781862364696            ,-96.87732350795889            ,                                                            ,                                                                                                    
P 151                         ,                              ,                              ,                              ,33.2178332484242,-96.87728729813719,33.2178332484242,-96.87735971778059,33.2177989910512,-96.87735971778059,33.2177989910512,-96.87728729813719,33.2178161197377              ,-96.87732350795889            ,                                                            ,                                                                                                    
P 150                         ,                              ,                              ,                              ,33.21684140830174,-96.8773703669002,33.21684140830174,-96.87745351537966,33.21680715092937,-96.87745351537966,33.21680715092937,-96.8773703669002,33.21682427961555             ,-96.87741194113993            ,                                                            ,                                                                                                    
P 149                         ,                              ,                              ,                              ,33.21687566567411,-96.8773703669002,33.21687566567411,-96.87745351537966,33.21684140830174,-96.87745351537966,33.21684140830174,-96.8773703669002,33.21685853698793             ,-96.87741194113993            ,                                                            ,                                                                                                    
P 148                         ,                              ,                              ,                              ,33.21690992304648,-96.8773703669002,33.21690992304648,-96.87745351537966,33.21687566567411,-96.87745351537966,33.21687566567411,-96.8773703669002,33.21689279436029             ,-96.87741194113993            ,                                                            ,                                                                                                    
P 147                         ,                              ,                              ,                              ,33.21694418041884,-96.8773703669002,33.21694418041884,-96.87745351537966,33.21690992304648,-96.87745351537966,33.21690992304648,-96.8773703669002,33.21692705173266             ,-96.87741194113993            ,                                                            ,                                                                                                    
P 146                         ,                              ,                              ,                              ,33.21697843779121,-96.8773703669002,33.21697843779121,-96.87745351537966,33.21694418041884,-96.87745351537966,33.21694418041884,-96.8773703669002,33.216961309105024            ,-96.87741194113993            ,                                                            ,                                                                                                    
P 145                         ,                              ,                              ,                              ,33.21701269516358,-96.8773703669002,33.21701269516358,-96.87745351537966,33.21697843779121,-96.87745351537966,33.21697843779121,-96.8773703669002,33.216995566477394            ,-96.87741194113993            ,                                                            ,                                                                                                    
P 144                         ,                              ,                              ,                              ,33.21704695253595,-96.8773703669002,33.21704695253595,-96.87745351537966,33.21701269516358,-96.87745351537966,33.21701269516358,-96.8773703669002,33.21702982384977             ,-96.87741194113993            ,                                                            ,                                                                                                    
P 143                         ,                              ,                              ,                              ,33.21708120990832,-96.8773703669002,33.21708120990832,-96.87745351537966,33.21704695253595,-96.87745351537966,33.21704695253595,-96.8773703669002,33.217064081222134            ,-96.87741194113993            ,                                                            ,                                                                                                    
P 142                         ,                              ,                              ,                              ,33.21711546728069,-96.8773703669002,33.21711546728069,-96.87745351537966,33.21708120990832,-96.87745351537966,33.21708120990832,-96.8773703669002,33.217098338594504            ,-96.87741194113993            ,                                                            ,                                                                                                    
P 141                         ,                              ,                              ,                              ,33.21714972465306,-96.8773703669002,33.21714972465306,-96.87745351537966,33.21711546728069,-96.87745351537966,33.21711546728069,-96.8773703669002,33.21713259596687             ,-96.87741194113993            ,                                                            ,                                                                                                    
P 140                         ,                              ,                              ,                              ,33.21718398202543,-96.8773703669002,33.21718398202543,-96.87745351537966,33.21714972465306,-96.87745351537966,33.21714972465306,-96.8773703669002,33.21716685333925             ,-96.87741194113993            ,                                                            ,                                                                                                    
P 139                         ,                              ,                              ,                              ,33.217218239397795,-96.8773703669002,33.217218239397795,-96.87745351537966,33.21718398202543,-96.87745351537966,33.21718398202543,-96.8773703669002,33.21720111071161             ,-96.87741194113993            ,                                                            ,                                                                                                    
P 138                         ,                              ,                              ,                              ,33.217252496770165,-96.8773703669002,33.217252496770165,-96.87745351537966,33.217218239397795,-96.87745351537966,33.217218239397795,-96.8773703669002,33.217235368083976            ,-96.87741194113993            ,                                                            ,                                                                                                    
P 137                         ,                              ,                              ,                              ,33.217286754142535,-96.8773703669002,33.217286754142535,-96.87745351537966,33.217252496770165,-96.87745351537966,33.217252496770165,-96.8773703669002,33.217269625456346            ,-96.87741194113993            ,                                                            ,                                                                                                    
P 136                         ,                              ,                              ,                              ,33.217321011514905,-96.8773703669002,33.217321011514905,-96.87745351537966,33.217286754142535,-96.87745351537966,33.217286754142535,-96.8773703669002,33.217303882828716            ,-96.87741194113993            ,                                                            ,                                                                                                    
P 135                         ,                              ,                              ,                              ,33.217355268887275,-96.8773703669002,33.217355268887275,-96.87745351537966,33.217321011514905,-96.87745351537966,33.217321011514905,-96.8773703669002,33.21733814020109             ,-96.87741194113993            ,                                                            ,                                                                                                    
P 134                         ,                              ,                              ,                              ,33.217389526259645,-96.8773703669002,33.217389526259645,-96.87745351537966,33.217355268887275,-96.87745351537966,33.217355268887275,-96.8773703669002,33.217372397573456            ,-96.87741194113993            ,                                                            ,                                                                                                    
P 133                         ,                              ,                              ,                              ,33.217423783632015,-96.8773703669002,33.217423783632015,-96.87745351537966,33.217389526259645,-96.87745351537966,33.217389526259645,-96.8773703669002,33.217406654945826            ,-96.87741194113993            ,                                                            ,                                                                                                    
P 132                         ,                              ,                              ,                              ,33.21745804100438,-96.8773703669002,33.21745804100438,-96.87745351537966,33.217423783632015,-96.87745351537966,33.217423783632015,-96.8773703669002,33.217440912318196            ,-96.87741194113993            ,                                                            ,                                                                                                    
P 131                         ,                              ,                              ,                              ,33.21749229837675,-96.8773703669002,33.21749229837675,-96.87745351537966,33.21745804100438,-96.87745351537966,33.21745804100438,-96.8773703669002,33.21747516969056             ,-96.87741194113993            ,                                                            ,                                                                                                    
P 130                         ,                              ,                              ,                              ,33.21752655574912,-96.8773703669002,33.21752655574912,-96.87745351537966,33.21749229837675,-96.87745351537966,33.21749229837675,-96.8773703669002,33.217509427062936            ,-96.87741194113993            ,                                                            ,                                                                                                    
P 129                         ,                              ,                              ,                              ,33.21756081312149,-96.8773703669002,33.21756081312149,-96.87745351537966,33.21752655574912,-96.87745351537966,33.21752655574912,-96.8773703669002,33.2175436844353              ,-96.87741194113993            ,                                                            ,                                                                                                    
P 128                         ,                              ,                              ,                              ,33.21759507049386,-96.8773703669002,33.21759507049386,-96.87745351537966,33.21756081312149,-96.87745351537966,33.21756081312149,-96.8773703669002,33.21757794180767             ,-96.87741194113993            ,                                                            ,                                                                                                    
P 127                         ,                              ,                              ,                              ,33.21762932786623,-96.8773703669002,33.21762932786623,-96.87745351537966,33.21759507049386,-96.87745351537966,33.21759507049386,-96.8773703669002,33.21761219918004             ,-96.87741194113993            ,                                                            ,                                                                                                    
P 126                         ,                              ,                              ,                              ,33.2176635852386,-96.8773703669002,33.2176635852386,-96.87745351537966,33.21762932786623,-96.87745351537966,33.21762932786623,-96.8773703669002,33.217646456552416            ,-96.87741194113993            ,                                                            ,                                                                                                    
P 125                         ,                              ,                              ,                              ,33.21769784261097,-96.8773703669002,33.21769784261097,-96.87745351537966,33.2176635852386,-96.87745351537966,33.2176635852386,-96.8773703669002,33.21768071392478             ,-96.87741194113993            ,                                                            ,                                                                                                    
P 124                         ,                              ,                              ,                              ,33.21773209998333,-96.8773703669002,33.21773209998333,-96.87745351537966,33.21769784261097,-96.87745351537966,33.21769784261097,-96.8773703669002,33.21771497129715             ,-96.87741194113993            ,                                                            ,                                                                                                    
P 123                         ,                              ,                              ,                              ,33.2177663573557,-96.8773703669002,33.2177663573557,-96.87745351537966,33.21773209998333,-96.87745351537966,33.21773209998333,-96.8773703669002,33.21774922866951             ,-96.87741194113993            ,                                                            ,                                                                                                    
P 122                         ,                              ,                              ,                              ,33.21780061472807,-96.8773703669002,33.21780061472807,-96.87745351537966,33.2177663573557,-96.87745351537966,33.2177663573557,-96.8773703669002,33.21778348604188             ,-96.87741194113993            ,                                                            ,                                                                                                    
P 121                         ,                              ,                              ,                              ,33.21783487210044,-96.8773703669002,33.21783487210044,-96.87745351537966,33.21780061472807,-96.87745351537966,33.21780061472807,-96.8773703669002,33.21781774341426             ,-96.87741194113993            ,                                                            ,                                                                                                    
P 120                         ,                              ,                              ,                              ,33.21778984391411,-96.87757287368082,33.21778984391411,-96.87751788839601,33.21782365250167,-96.87751788839601,33.21782365250167,-96.87757287368082,33.21780674820789             ,-96.87754538103842            ,                                                            ,                                                                                                    
P 119                         ,                              ,                              ,                              ,33.21775603532656,-96.87757287368082,33.21775603532656,-96.87751788839601,33.21778984391411,-96.87751788839601,33.21778984391411,-96.87757287368082,33.21777293962034             ,-96.87754538103842            ,                                                            ,                                                                                                    
P 118                         ,                              ,                              ,                              ,33.217722226739,-96.87757287368082,33.217722226739,-96.87751788839601,33.21775603532656,-96.87751788839601,33.21775603532656,-96.87757287368082,33.21773913103278             ,-96.87754538103842            ,                                                            ,                                                                                                    
P 117                         ,                              ,                              ,                              ,33.21768841815144,-96.87757287368082,33.21768841815144,-96.87751788839601,33.217722226739,-96.87751788839601,33.217722226739,-96.87757287368082,33.21770532244522             ,-96.87754538103842            ,                                                            ,                                                                                                    
P 116                         ,                              ,                              ,                              ,33.21765460956389,-96.87757287368082,33.21765460956389,-96.87751788839601,33.21768841815144,-96.87751788839601,33.21768841815144,-96.87757287368082,33.21767151385767             ,-96.87754538103842            ,                                                            ,                                                                                                    
P 115                         ,                              ,                              ,                              ,33.21762080097633,-96.87757287368082,33.21762080097633,-96.87751788839601,33.21765460956389,-96.87751788839601,33.21765460956389,-96.87757287368082,33.21763770527011             ,-96.87754538103842            ,                                                            ,                                                                                                    
P 114                         ,                              ,                              ,                              ,33.21758699238877,-96.87757287368082,33.21758699238877,-96.87751788839601,33.21762080097633,-96.87751788839601,33.21762080097633,-96.87757287368082,33.21760389668255             ,-96.87754538103842            ,                                                            ,                                                                                                    
P 113                         ,                              ,                              ,                              ,33.217553183801215,-96.87757287368082,33.217553183801215,-96.87751788839601,33.21758699238877,-96.87751788839601,33.21758699238877,-96.87757287368082,33.21757008809499             ,-96.87754538103842            ,                                                            ,                                                                                                    
P 112                         ,                              ,                              ,                              ,33.217519375213655,-96.87757287368082,33.217519375213655,-96.87751788839601,33.217553183801215,-96.87751788839601,33.217553183801215,-96.87757287368082,33.217536279507435            ,-96.87754538103842            ,                                                            ,                                                                                                    
P 111                         ,                              ,                              ,                              ,33.217485566626095,-96.87757287368082,33.217485566626095,-96.87751788839601,33.217519375213655,-96.87751788839601,33.217519375213655,-96.87757287368082,33.217502470919875            ,-96.87754538103842            ,                                                            ,                                                                                                    
P 110                         ,                              ,                              ,                              ,33.21745175803854,-96.87757287368082,33.21745175803854,-96.87751788839601,33.217485566626095,-96.87751788839601,33.217485566626095,-96.87757287368082,33.21746866233232             ,-96.87754538103842            ,                                                            ,                                                                                                    
P 109                         ,                              ,                              ,                              ,33.21741794945098,-96.87757287368082,33.21741794945098,-96.87751788839601,33.21745175803854,-96.87751788839601,33.21745175803854,-96.87757287368082,33.21743485374476             ,-96.87754538103842            ,                                                            ,                                                                                                    
P 108                         ,                              ,                              ,                              ,33.21738414086342,-96.87757287368082,33.21738414086342,-96.87751788839601,33.21741794945098,-96.87751788839601,33.21741794945098,-96.87757287368082,33.2174010451572              ,-96.87754538103842            ,                                                            ,                                                                                                    
P 107                         ,                              ,                              ,                              ,33.21735033227587,-96.87757287368082,33.21735033227587,-96.87751788839601,33.21738414086342,-96.87751788839601,33.21738414086342,-96.87757287368082,33.21736723656965             ,-96.87754538103842            ,                                                            ,                                                                                                    
P 106                         ,                              ,                              ,                              ,33.21731652368831,-96.87757287368082,33.21731652368831,-96.87751788839601,33.21735033227587,-96.87751788839601,33.21735033227587,-96.87757287368082,33.21733342798209             ,-96.87754538103842            ,                                                            ,                                                                                                    
P 105                         ,                              ,                              ,                              ,33.21728271510075,-96.87757287368082,33.21728271510075,-96.87751788839601,33.21731652368831,-96.87751788839601,33.21731652368831,-96.87757287368082,33.21729961939453             ,-96.87754538103842            ,                                                            ,                                                                                                    
P 104                         ,                              ,                              ,                              ,33.2172489065132,-96.87757287368082,33.2172489065132,-96.87751788839601,33.21728271510075,-96.87751788839601,33.21728271510075,-96.87757287368082,33.21726581080698             ,-96.87754538103842            ,                                                            ,                                                                                                    
P 103                         ,                              ,                              ,                              ,33.21721509792564,-96.87757287368082,33.21721509792564,-96.87751788839601,33.2172489065132,-96.87751788839601,33.2172489065132,-96.87757287368082,33.21723200221942             ,-96.87754538103842            ,                                                            ,                                                                                                    
P 102                         ,                              ,                              ,                              ,33.21718128933808,-96.87757287368082,33.21718128933808,-96.87751788839601,33.21721509792564,-96.87751788839601,33.21721509792564,-96.87757287368082,33.21719819363186             ,-96.87754538103842            ,                                                            ,                                                                                                    
P 101                         ,                              ,                              ,                              ,33.217147480750526,-96.87757287368082,33.217147480750526,-96.87751788839601,33.21718128933808,-96.87751788839601,33.21718128933808,-96.87757287368082,33.2171643850443              ,-96.87754538103842            ,                                                            ,                                                                                                    
P 100                         ,                              ,                              ,                              ,33.21711367216297,-96.87757287368082,33.21711367216297,-96.87751788839601,33.217147480750526,-96.87751788839601,33.217147480750526,-96.87757287368082,33.217130576456746            ,-96.87754538103842            ,                                                            ,                                                                                                    
P 99                          ,                              ,                              ,                              ,33.21707986357541,-96.87757287368082,33.21707986357541,-96.87751788839601,33.21711367216297,-96.87751788839601,33.21711367216297,-96.87757287368082,33.21709676786919             ,-96.87754538103842            ,                                                            ,                                                                                                    
P 98                          ,                              ,                              ,                              ,33.217046054987854,-96.87757287368082,33.217046054987854,-96.87751788839601,33.21707986357541,-96.87751788839601,33.21707986357541,-96.87757287368082,33.217062959281634            ,-96.87754538103842            ,                                                            ,                                                                                                    
P 97                          ,                              ,                              ,                              ,33.217012246400294,-96.87757287368082,33.217012246400294,-96.87751788839601,33.217046054987854,-96.87751788839601,33.217046054987854,-96.87757287368082,33.217029150694074            ,-96.87754538103842            ,                                                            ,                                                                                                    
P 96                          ,                              ,                              ,                              ,33.216978437812735,-96.87757287368082,33.216978437812735,-96.87751788839601,33.217012246400294,-96.87751788839601,33.217012246400294,-96.87757287368082,33.216995342106514            ,-96.87754538103842            ,                                                            ,                                                                                                    
P 95                          ,                              ,                              ,                              ,33.21694462922518,-96.87757287368082,33.21694462922518,-96.87751788839601,33.216978437812735,-96.87751788839601,33.216978437812735,-96.87757287368082,33.21696153351896             ,-96.87754538103842            ,                                                            ,                                                                                                    
P 94                          ,                              ,                              ,                              ,33.21691082063762,-96.87757287368082,33.21691082063762,-96.87751788839601,33.21694462922518,-96.87751788839601,33.21694462922518,-96.87757287368082,33.2169277249314              ,-96.87754538103842            ,                                                            ,                                                                                                    
P 93                          ,                              ,                              ,                              ,33.21687701205006,-96.87757287368082,33.21687701205006,-96.87751788839601,33.21691082063762,-96.87751788839601,33.21691082063762,-96.87757287368082,33.21689391634384             ,-96.87754538103842            ,                                                            ,                                                                                                    
P 92                          ,                              ,                              ,                              ,33.21684320346251,-96.87757287368082,33.21684320346251,-96.87751788839601,33.21687701205006,-96.87751788839601,33.21687701205006,-96.87757287368082,33.21686010775629             ,-96.87754538103842            ,                                                            ,                                                                                                    
P 91                          ,                              ,                              ,                              ,33.21680939487495,-96.87757287368082,33.21680939487495,-96.87751788839601,33.21684320346251,-96.87751788839601,33.21684320346251,-96.87757287368082,33.21682629916873             ,-96.87754538103842            ,                                                            ,                                                                                                    
P 90                          ,                              ,                              ,                              ,33.21778767479161,-96.87770296081804,33.21778767479161,-96.87761444792055,33.21782140858185,-96.87761444792055,33.21782140858185,-96.87770296081804,33.217804541686725            ,-96.8776587043693             ,                                                            ,                                                                                                    
P 89                          ,                              ,                              ,                              ,33.21775394100137,-96.87770296081804,33.21775394100137,-96.87761444792055,33.21778767479161,-96.87761444792055,33.21778767479161,-96.87770296081804,33.217770807896486            ,-96.8776587043693             ,                                                            ,                                                                                                    
P 88                          ,                              ,                              ,                              ,33.21772020721114,-96.87770296081804,33.21772020721114,-96.87761444792055,33.21775394100137,-96.87761444792055,33.21775394100137,-96.87770296081804,33.21773707410625             ,-96.8776587043693             ,                                                            ,                                                                                                    
P 87                          ,                              ,                              ,                              ,33.2176864734209,-96.87770296081804,33.2176864734209,-96.87761444792055,33.21772020721114,-96.87761444792055,33.21772020721114,-96.87770296081804,33.217703340316014            ,-96.8776587043693             ,                                                            ,                                                                                                    
P 86                          ,                              ,                              ,                              ,33.21765273963066,-96.87770296081804,33.21765273963066,-96.87761444792055,33.2176864734209,-96.87761444792055,33.2176864734209,-96.87770296081804,33.217669606525774            ,-96.8776587043693             ,                                                            ,                                                                                                    
P 85                          ,                              ,                              ,                              ,33.21761900584042,-96.87770296081804,33.21761900584042,-96.87761444792055,33.21765273963066,-96.87761444792055,33.21765273963066,-96.87770296081804,33.21763587273554             ,-96.8776587043693             ,                                                            ,                                                                                                    
P 84                          ,                              ,                              ,                              ,33.21758527205019,-96.87770296081804,33.21758527205019,-96.87761444792055,33.21761900584042,-96.87761444792055,33.21761900584042,-96.87770296081804,33.2176021389453              ,-96.8776587043693             ,                                                            ,                                                                                                    
P 83                          ,                              ,                              ,                              ,33.21755153825995,-96.87770296081804,33.21755153825995,-96.87761444792055,33.21758527205019,-96.87761444792055,33.21758527205019,-96.87770296081804,33.21756840515506             ,-96.8776587043693             ,                                                            ,                                                                                                    
P 82                          ,                              ,                              ,                              ,33.21751780446971,-96.87770296081804,33.21751780446971,-96.87761444792055,33.21755153825995,-96.87761444792055,33.21755153825995,-96.87770296081804,33.21753467136483             ,-96.8776587043693             ,                                                            ,                                                                                                    
P 81                          ,                              ,                              ,                              ,33.21748407067947,-96.87770296081804,33.21748407067947,-96.87761444792055,33.21751780446971,-96.87761444792055,33.21751780446971,-96.87770296081804,33.217500937574584            ,-96.8776587043693             ,                                                            ,                                                                                                    
P 80                          ,                              ,                              ,                              ,33.217450336889236,-96.87770296081804,33.217450336889236,-96.87761444792055,33.21748407067947,-96.87761444792055,33.21748407067947,-96.87770296081804,33.21746720378435             ,-96.8776587043693             ,                                                            ,                                                                                                    
P 79                          ,                              ,                              ,                              ,33.217416603099,-96.87770296081804,33.217416603099,-96.87761444792055,33.217450336889236,-96.87761444792055,33.217450336889236,-96.87770296081804,33.21743346999412             ,-96.8776587043693             ,                                                            ,                                                                                                    
P 78                          ,                              ,                              ,                              ,33.21738286930876,-96.87770296081804,33.21738286930876,-96.87761444792055,33.217416603099,-96.87761444792055,33.217416603099,-96.87770296081804,33.21739973620387             ,-96.8776587043693             ,                                                            ,                                                                                                    
P 77                          ,                              ,                              ,                              ,33.21734913551852,-96.87770296081804,33.21734913551852,-96.87761444792055,33.21738286930876,-96.87761444792055,33.21738286930876,-96.87770296081804,33.217366002413634            ,-96.8776587043693             ,                                                            ,                                                                                                    
P 76                          ,                              ,                              ,                              ,33.217315401728285,-96.87770296081804,33.217315401728285,-96.87761444792055,33.21734913551852,-96.87761444792055,33.21734913551852,-96.87770296081804,33.2173322686234              ,-96.8776587043693             ,                                                            ,                                                                                                    
P 75                          ,                              ,                              ,                              ,33.217281667938046,-96.87770296081804,33.217281667938046,-96.87761444792055,33.217315401728285,-96.87761444792055,33.217315401728285,-96.87770296081804,33.21729853483316             ,-96.8776587043693             ,                                                            ,                                                                                                    
P 74                          ,                              ,                              ,                              ,33.21724793414781,-96.87770296081804,33.21724793414781,-96.87761444792055,33.217281667938046,-96.87761444792055,33.217281667938046,-96.87770296081804,33.21726480104292             ,-96.8776587043693             ,                                                            ,                                                                                                    
P 73                          ,                              ,                              ,                              ,33.21721420035757,-96.87770296081804,33.21721420035757,-96.87761444792055,33.21724793414781,-96.87761444792055,33.21724793414781,-96.87770296081804,33.21723106725268             ,-96.8776587043693             ,                                                            ,                                                                                                    
P 72                          ,                              ,                              ,                              ,33.21718046656733,-96.87770296081804,33.21718046656733,-96.87761444792055,33.21721420035757,-96.87761444792055,33.21721420035757,-96.87770296081804,33.21719733346245             ,-96.8776587043693             ,                                                            ,                                                                                                    
P 71                          ,                              ,                              ,                              ,33.217146732777096,-96.87770296081804,33.217146732777096,-96.87761444792055,33.21718046656733,-96.87761444792055,33.21718046656733,-96.87770296081804,33.21716359967221             ,-96.8776587043693             ,                                                            ,                                                                                                    
P 70                          ,                              ,                              ,                              ,33.217112998986856,-96.87770296081804,33.217112998986856,-96.87761444792055,33.217146732777096,-96.87761444792055,33.217146732777096,-96.87770296081804,33.21712986588197             ,-96.8776587043693             ,                                                            ,                                                                                                    
P 69                          ,                              ,                              ,                              ,33.21707926519662,-96.87770296081804,33.21707926519662,-96.87761444792055,33.217112998986856,-96.87761444792055,33.217112998986856,-96.87770296081804,33.21709613209174             ,-96.8776587043693             ,                                                            ,                                                                                                    
P 68                          ,                              ,                              ,                              ,33.21704553140638,-96.87770296081804,33.21704553140638,-96.87761444792055,33.21707926519662,-96.87761444792055,33.21707926519662,-96.87770296081804,33.21706239830149             ,-96.8776587043693             ,                                                            ,                                                                                                    
P 67                          ,                              ,                              ,                              ,33.217011797616145,-96.87770296081804,33.217011797616145,-96.87761444792055,33.21704553140638,-96.87761444792055,33.21704553140638,-96.87770296081804,33.21702866451126             ,-96.8776587043693             ,                                                            ,                                                                                                    
P 66                          ,                              ,                              ,                              ,33.216978063825906,-96.87770296081804,33.216978063825906,-96.87761444792055,33.217011797616145,-96.87761444792055,33.217011797616145,-96.87770296081804,33.21699493072103             ,-96.8776587043693             ,                                                            ,                                                                                                    
P 65                          ,                              ,                              ,                              ,33.216944330035666,-96.87770296081804,33.216944330035666,-96.87761444792055,33.216978063825906,-96.87761444792055,33.216978063825906,-96.87770296081804,33.21696119693078             ,-96.8776587043693             ,                                                            ,                                                                                                    
P 64                          ,                              ,                              ,                              ,33.21691059624543,-96.87770296081804,33.21691059624543,-96.87761444792055,33.216944330035666,-96.87761444792055,33.216944330035666,-96.87770296081804,33.21692746314054             ,-96.8776587043693             ,                                                            ,                                                                                                    
P 63                          ,                              ,                              ,                              ,33.216876862455194,-96.87770296081804,33.216876862455194,-96.87761444792055,33.21691059624543,-96.87761444792055,33.21691059624543,-96.87770296081804,33.21689372935031             ,-96.8776587043693             ,                                                            ,                                                                                                    
P 62                          ,                              ,                              ,                              ,33.216843128664955,-96.87770296081804,33.216843128664955,-96.87761444792055,33.216876862455194,-96.87761444792055,33.216876862455194,-96.87770296081804,33.21685999556007             ,-96.8776587043693             ,                                                            ,                                                                                                    
P 61                          ,                              ,                              ,                              ,33.216809394874716,-96.87770296081804,33.216809394874716,-96.87761444792055,33.216843128664955,-96.87761444792055,33.216843128664955,-96.87770296081804,33.21682626176983             ,-96.8776587043693             ,                                                            ,                                                                                                    
P 60                          ,                              ,                              ,                              ,33.21686212740377,-96.87776331052088,33.21686212740377,-96.87781695470117,33.216829029398326,-96.87781695470117,33.216829029398326,-96.87776331052088,33.21684557840105             ,-96.87779013261103            ,                                                            ,                                                                                                    
P 59                          ,                              ,                              ,                              ,33.21689522540921,-96.87776331052088,33.21689522540921,-96.87781695470117,33.21686212740377,-96.87781695470117,33.21686212740377,-96.87776331052088,33.216878676406495            ,-96.87779013261103            ,                                                            ,                                                                                                    
P 58                          ,                              ,                              ,                              ,33.21692832341465,-96.87776331052088,33.21692832341465,-96.87781695470117,33.21689522540921,-96.87781695470117,33.21689522540921,-96.87776331052088,33.21691177441193             ,-96.87779013261103            ,                                                            ,                                                                                                    
P 57                          ,                              ,                              ,                              ,33.216961421420095,-96.87776331052088,33.216961421420095,-96.87781695470117,33.21692832341465,-96.87781695470117,33.21692832341465,-96.87776331052088,33.21694487241737             ,-96.87779013261103            ,                                                            ,                                                                                                    
P 56                          ,                              ,                              ,                              ,33.21699451942553,-96.87776331052088,33.21699451942553,-96.87781695470117,33.216961421420095,-96.87781695470117,33.216961421420095,-96.87776331052088,33.21697797042282             ,-96.87779013261103            ,                                                            ,                                                                                                    
P 55                          ,                              ,                              ,                              ,33.21702761743098,-96.87776331052088,33.21702761743098,-96.87781695470117,33.21699451942553,-96.87781695470117,33.21699451942553,-96.87776331052088,33.217011068428256            ,-96.87779013261103            ,                                                            ,                                                                                                    
P 54                          ,                              ,                              ,                              ,33.21706071543642,-96.87776331052088,33.21706071543642,-96.87781695470117,33.21702761743098,-96.87781695470117,33.21702761743098,-96.87776331052088,33.217044166433695            ,-96.87779013261103            ,                                                            ,                                                                                                    
P 53                          ,                              ,                              ,                              ,33.21709381344186,-96.87776331052088,33.21709381344186,-96.87781695470117,33.21706071543642,-96.87781695470117,33.21706071543642,-96.87776331052088,33.21707726443914             ,-96.87779013261103            ,                                                            ,                                                                                                    
P 52                          ,                              ,                              ,                              ,33.21712691144731,-96.87776331052088,33.21712691144731,-96.87781695470117,33.21709381344186,-96.87781695470117,33.21709381344186,-96.87776331052088,33.217110362444586            ,-96.87779013261103            ,                                                            ,                                                                                                    
P 51                          ,                              ,                              ,                              ,33.21716000945275,-96.87776331052088,33.21716000945275,-96.87781695470117,33.21712691144731,-96.87781695470117,33.21712691144731,-96.87776331052088,33.21714346045003             ,-96.87779013261103            ,                                                            ,                                                                                                    
P 50                          ,                              ,                              ,                              ,33.217193107458186,-96.87776331052088,33.217193107458186,-96.87781695470117,33.21716000945275,-96.87781695470117,33.21716000945275,-96.87776331052088,33.21717655845547             ,-96.87779013261103            ,                                                            ,                                                                                                    
P 49                          ,                              ,                              ,                              ,33.21722620546363,-96.87776331052088,33.21722620546363,-96.87781695470117,33.217193107458186,-96.87781695470117,33.217193107458186,-96.87776331052088,33.21720965646091             ,-96.87779013261103            ,                                                            ,                                                                                                    
P 48                          ,                              ,                              ,                              ,33.21725930346908,-96.87776331052088,33.21725930346908,-96.87781695470117,33.21722620546363,-96.87781695470117,33.21722620546363,-96.87776331052088,33.217242754466355            ,-96.87779013261103            ,                                                            ,                                                                                                    
P 47                          ,                              ,                              ,                              ,33.217292401474516,-96.87776331052088,33.217292401474516,-96.87781695470117,33.21725930346908,-96.87781695470117,33.21725930346908,-96.87776331052088,33.2172758524718              ,-96.87779013261103            ,                                                            ,                                                                                                    
P 46                          ,                              ,                              ,                              ,33.217325499479955,-96.87776331052088,33.217325499479955,-96.87781695470117,33.217292401474516,-96.87781695470117,33.217292401474516,-96.87776331052088,33.21730895047723             ,-96.87779013261103            ,                                                            ,                                                                                                    
P 45                          ,                              ,                              ,                              ,33.2173585974854,-96.87776331052088,33.2173585974854,-96.87781695470117,33.217325499479955,-96.87781695470117,33.217325499479955,-96.87776331052088,33.21734204848268             ,-96.87779013261103            ,                                                            ,                                                                                                    
P 44                          ,                              ,                              ,                              ,33.217391695490846,-96.87776331052088,33.217391695490846,-96.87781695470117,33.2173585974854,-96.87781695470117,33.2173585974854,-96.87776331052088,33.21737514648812             ,-96.87779013261103            ,                                                            ,                                                                                                    
P 43                          ,                              ,                              ,                              ,33.217424793496285,-96.87776331052088,33.217424793496285,-96.87781695470117,33.217391695490846,-96.87781695470117,33.217391695490846,-96.87776331052088,33.21740824449357             ,-96.87779013261103            ,                                                            ,                                                                                                    
P 42                          ,                              ,                              ,                              ,33.217457891501724,-96.87776331052088,33.217457891501724,-96.87781695470117,33.217424793496285,-96.87781695470117,33.217424793496285,-96.87776331052088,33.21744134249901             ,-96.87779013261103            ,                                                            ,                                                                                                    
P 41                          ,                              ,                              ,                              ,33.21749098950717,-96.87776331052088,33.21749098950717,-96.87781695470117,33.217457891501724,-96.87781695470117,33.217457891501724,-96.87776331052088,33.217474440504446            ,-96.87779013261103            ,                                                            ,                                                                                                    
P 40                          ,                              ,                              ,                              ,33.217524087512615,-96.87776331052088,33.217524087512615,-96.87781695470117,33.21749098950717,-96.87781695470117,33.21749098950717,-96.87776331052088,33.21750753850989             ,-96.87779013261103            ,                                                            ,                                                                                                    
P 39                          ,                              ,                              ,                              ,33.217557185518054,-96.87776331052088,33.217557185518054,-96.87781695470117,33.217524087512615,-96.87781695470117,33.217524087512615,-96.87776331052088,33.21754063651534             ,-96.87779013261103            ,                                                            ,                                                                                                    
P 38                          ,                              ,                              ,                              ,33.2175902835235,-96.87776331052088,33.2175902835235,-96.87781695470117,33.217557185518054,-96.87781695470117,33.217557185518054,-96.87776331052088,33.217573734520776            ,-96.87779013261103            ,                                                            ,                                                                                                    
P 37                          ,                              ,                              ,                              ,33.21762338152894,-96.87776331052088,33.21762338152894,-96.87781695470117,33.2175902835235,-96.87781695470117,33.2175902835235,-96.87776331052088,33.217606832526215            ,-96.87779013261103            ,                                                            ,                                                                                                    
P 36                          ,                              ,                              ,                              ,33.217656479534384,-96.87776331052088,33.217656479534384,-96.87781695470117,33.21762338152894,-96.87781695470117,33.21762338152894,-96.87776331052088,33.21763993053166             ,-96.87779013261103            ,                                                            ,                                                                                                    
P 35                          ,                              ,                              ,                              ,33.21768957753982,-96.87776331052088,33.21768957753982,-96.87781695470117,33.217656479534384,-96.87781695470117,33.217656479534384,-96.87776331052088,33.21767302853711             ,-96.87779013261103            ,                                                            ,                                                                                                    
P 34                          ,                              ,                              ,                              ,33.21772267554526,-96.87776331052088,33.21772267554526,-96.87781695470117,33.21768957753982,-96.87781695470117,33.21768957753982,-96.87776331052088,33.217706126542545            ,-96.87779013261103            ,                                                            ,                                                                                                    
P 33                          ,                              ,                              ,                              ,33.21775577355071,-96.87776331052088,33.21775577355071,-96.87781695470117,33.21772267554526,-96.87781695470117,33.21772267554526,-96.87776331052088,33.217739224547984            ,-96.87779013261103            ,                                                            ,                                                                                                    
P 32                          ,                              ,                              ,                              ,33.21778887155615,-96.87776331052088,33.21778887155615,-96.87781695470117,33.21775577355071,-96.87781695470117,33.21775577355071,-96.87776331052088,33.21777232255343             ,-96.87779013261103            ,                                                            ,                                                                                                    
P 31                          ,                              ,                              ,                              ,33.21782196956159,-96.87776331052088,33.21782196956159,-96.87781695470117,33.21778887155615,-96.87781695470117,33.21778887155615,-96.87776331052088,33.217805420558875            ,-96.87779013261103            ,                                                            ,                                                                                                    
P 30                          ,                              ,                              ,                              ,33.216862239599585,-96.87782768353723,33.216862239599585,-96.87790814980768,33.21682902939815,-96.87790814980768,33.21682902939815,-96.87782768353723,33.21684563449887             ,-96.87786791667246            ,                                                            ,                                                                                                    
P 29                          ,                              ,                              ,                              ,33.21689544980102,-96.87782768353723,33.21689544980102,-96.87790814980768,33.216862239599585,-96.87790814980768,33.216862239599585,-96.87782768353723,33.216878844700304            ,-96.87786791667246            ,                                                            ,                                                                                                    
P 28                          ,                              ,                              ,                              ,33.21692866000246,-96.87782768353723,33.21692866000246,-96.87790814980768,33.21689544980102,-96.87790814980768,33.21689544980102,-96.87782768353723,33.21691205490174             ,-96.87786791667246            ,                                                            ,                                                                                                    
P 27                          ,                              ,                              ,                              ,33.2169618702039,-96.87782768353723,33.2169618702039,-96.87790814980768,33.21692866000246,-96.87790814980768,33.21692866000246,-96.87782768353723,33.21694526510318             ,-96.87786791667246            ,                                                            ,                                                                                                    
P 26                          ,                              ,                              ,                              ,33.21699508040534,-96.87782768353723,33.21699508040534,-96.87790814980768,33.2169618702039,-96.87790814980768,33.2169618702039,-96.87782768353723,33.21697847530462             ,-96.87786791667246            ,                                                            ,                                                                                                    
P 25                          ,                              ,                              ,                              ,33.21702829060678,-96.87782768353723,33.21702829060678,-96.87790814980768,33.21699508040534,-96.87790814980768,33.21699508040534,-96.87782768353723,33.21701168550606             ,-96.87786791667246            ,                                                            ,                                                                                                    
P 24                          ,                              ,                              ,                              ,33.217061500808214,-96.87782768353723,33.217061500808214,-96.87790814980768,33.21702829060678,-96.87790814980768,33.21702829060678,-96.87782768353723,33.217044895707495            ,-96.87786791667246            ,                                                            ,                                                                                                    
P 23                          ,                              ,                              ,                              ,33.21709471100965,-96.87782768353723,33.21709471100965,-96.87790814980768,33.217061500808214,-96.87790814980768,33.217061500808214,-96.87782768353723,33.21707810590893             ,-96.87786791667246            ,                                                            ,                                                                                                    
P 22                          ,                              ,                              ,                              ,33.21712792121109,-96.87782768353723,33.21712792121109,-96.87790814980768,33.21709471100965,-96.87790814980768,33.21709471100965,-96.87782768353723,33.21711131611037             ,-96.87786791667246            ,                                                            ,                                                                                                    
P 21                          ,                              ,                              ,                              ,33.21716113141253,-96.87782768353723,33.21716113141253,-96.87790814980768,33.21712792121109,-96.87790814980768,33.21712792121109,-96.87782768353723,33.21714452631181             ,-96.87786791667246            ,                                                            ,                                                                                                    
P 20                          ,                              ,                              ,                              ,33.21719434161397,-96.87782768353723,33.21719434161397,-96.87790814980768,33.21716113141253,-96.87790814980768,33.21716113141253,-96.87782768353723,33.21717773651325             ,-96.87786791667246            ,                                                            ,                                                                                                    
P 19                          ,                              ,                              ,                              ,33.217227551815405,-96.87782768353723,33.217227551815405,-96.87790814980768,33.21719434161397,-96.87790814980768,33.21719434161397,-96.87782768353723,33.21721094671469             ,-96.87786791667246            ,                                                            ,                                                                                                    
P 18                          ,                              ,                              ,                              ,33.21726076201684,-96.87782768353723,33.21726076201684,-96.87790814980768,33.217227551815405,-96.87790814980768,33.217227551815405,-96.87782768353723,33.217244156916124            ,-96.87786791667246            ,                                                            ,                                                                                                    
P 17                          ,                              ,                              ,                              ,33.21729397221828,-96.87782768353723,33.21729397221828,-96.87790814980768,33.21726076201684,-96.87790814980768,33.21726076201684,-96.87782768353723,33.21727736711756             ,-96.87786791667246            ,                                                            ,                                                                                                    
P 16                          ,                              ,                              ,                              ,33.21732718241972,-96.87782768353723,33.21732718241972,-96.87790814980768,33.21729397221828,-96.87790814980768,33.21729397221828,-96.87782768353723,33.217310577319               ,-96.87786791667246            ,                                                            ,                                                                                                    
P 15                          ,                              ,                              ,                              ,33.21736039262116,-96.87782768353723,33.21736039262116,-96.87790814980768,33.21732718241972,-96.87790814980768,33.21732718241972,-96.87782768353723,33.21734378752044             ,-96.87786791667246            ,                                                            ,                                                                                                    
P 14                          ,                              ,                              ,                              ,33.2173936028226,-96.87782768353723,33.2173936028226,-96.87790814980768,33.21736039262116,-96.87790814980768,33.21736039262116,-96.87782768353723,33.21737699772188             ,-96.87786791667246            ,                                                            ,                                                                                                    
P 13                          ,                              ,                              ,                              ,33.21742681302403,-96.87782768353723,33.21742681302403,-96.87790814980768,33.2173936028226,-96.87790814980768,33.2173936028226,-96.87782768353723,33.217410207923315            ,-96.87786791667246            ,                                                            ,                                                                                                    
P 12                          ,                              ,                              ,                              ,33.21746002322547,-96.87782768353723,33.21746002322547,-96.87790814980768,33.21742681302403,-96.87790814980768,33.21742681302403,-96.87782768353723,33.21744341812475             ,-96.87786791667246            ,                                                            ,                                                                                                    
P 11                          ,                              ,                              ,                              ,33.21749323342691,-96.87782768353723,33.21749323342691,-96.87790814980768,33.21746002322547,-96.87790814980768,33.21746002322547,-96.87782768353723,33.21747662832619             ,-96.87786791667246            ,                                                            ,                                                                                                    
P 10                          ,                              ,                              ,                              ,33.217526443628344,-96.87782768353723,33.217526443628344,-96.87790814980768,33.21749323342691,-96.87790814980768,33.21749323342691,-96.87782768353723,33.217509838527626            ,-96.87786791667246            ,                                                            ,                                                                                                    
P 9                           ,                              ,                              ,                              ,33.21755965382979,-96.87782768353723,33.21755965382979,-96.87790814980768,33.217526443628344,-96.87790814980768,33.217526443628344,-96.87782768353723,33.21754304872907             ,-96.87786791667246            ,                                                            ,                                                                                                    
P 8                           ,                              ,                              ,                              ,33.217592864031225,-96.87782768353723,33.217592864031225,-96.87790814980768,33.21755965382979,-96.87790814980768,33.21755965382979,-96.87782768353723,33.21757625893051             ,-96.87786791667246            ,                                                            ,                                                                                                    
P 7                           ,                              ,                              ,                              ,33.21762607423266,-96.87782768353723,33.21762607423266,-96.87790814980768,33.217592864031225,-96.87790814980768,33.217592864031225,-96.87782768353723,33.21760946913194             ,-96.87786791667246            ,                                                            ,                                                                                                    
P 6                           ,                              ,                              ,                              ,33.2176592844341,-96.87782768353723,33.2176592844341,-96.87790814980768,33.21762607423266,-96.87790814980768,33.21762607423266,-96.87782768353723,33.21764267933338             ,-96.87786791667246            ,                                                            ,                                                                                                    
P 5                           ,                              ,                              ,                              ,33.217692494635536,-96.87782768353723,33.217692494635536,-96.87790814980768,33.2176592844341,-96.87790814980768,33.2176592844341,-96.87782768353723,33.21767588953482             ,-96.87786791667246            ,                                                            ,                                                                                                    
P 4                           ,                              ,                              ,                              ,33.21772570483698,-96.87782768353723,33.21772570483698,-96.87790814980768,33.217692494635536,-96.87790814980768,33.217692494635536,-96.87782768353723,33.21770909973626             ,-96.87786791667246            ,                                                            ,                                                                                                    
P 3                           ,                              ,                              ,                              ,33.21775891503842,-96.87782768353723,33.21775891503842,-96.87790814980768,33.21772570483698,-96.87790814980768,33.21772570483698,-96.87782768353723,33.2177423099377              ,-96.87786791667246            ,                                                            ,                                                                                                    
P 2                           ,                              ,                              ,                              ,33.21779212523985,-96.87782768353723,33.21779212523985,-96.87790814980768,33.21775891503842,-96.87790814980768,33.21775891503842,-96.87782768353723,33.217775520139135            ,-96.87786791667246            ,                                                            ,                                                                                                    
P 1                           ,                              ,                              ,                              ,33.21782533544129,-96.87782768353723,33.21782533544129,-96.87790814980768,33.21779212523985,-96.87790814980768,33.21779212523985,-96.87782768353723,33.21780873034057             ,-96.87786791667246            ,                                                            ,                                                                                                    