Name,Location Type,Parent Name,Capacity,Latitude 1,Longitude 1,Latitude 2,Longitude 2,Latitude 3,Longitude 3,Latitude 4,Longitude 4,Latitude 5,Longitude 5,Circle Radius,Circle Center
G 94                          ,                              ,                              ,                              ,33.23069765496951,-96.86018486290598,33.23069765496951,-96.86025460034037,33.230671453067956,-96.86025460034037,33.230671453067956,-96.86018486290598,33.23068455401874             ,-96.86021973162318            ,                                                            ,                                                                                                    
G 93                          ,                              ,                              ,                              ,33.230723856871066,-96.86018486290598,33.230723856871066,-96.86025460034037,33.23069765496951,-96.86025460034037,33.23069765496951,-96.86018486290598,33.230710755920285            ,-96.86021973162318            ,                                                            ,                                                                                                    
G 92                          ,                              ,                              ,                              ,33.23075005877262,-96.86018486290598,33.23075005877262,-96.86025460034037,33.230723856871066,-96.86025460034037,33.230723856871066,-96.86018486290598,33.23073695782185             ,-96.86021973162318            ,                                                            ,                                                                                                    
G 91                          ,                              ,                              ,                              ,33.23077626067417,-96.86018486290598,33.23077626067417,-96.86025460034037,33.23075005877262,-96.86025460034037,33.23075005877262,-96.86018486290598,33.230763159723395            ,-96.86021973162318            ,                                                            ,                                                                                                    
G 90                          ,                              ,                              ,                              ,33.230802462575724,-96.86018486290598,33.230802462575724,-96.86025460034037,33.23077626067417,-96.86025460034037,33.23077626067417,-96.86018486290598,33.23078936162494             ,-96.86021973162318            ,                                                            ,                                                                                                    
G 89                          ,                              ,                              ,                              ,33.23082866447728,-96.86018486290598,33.23082866447728,-96.86025460034037,33.230802462575724,-96.86025460034037,33.230802462575724,-96.86018486290598,33.230815563526505            ,-96.86021973162318            ,                                                            ,                                                                                                    
G 88                          ,                              ,                              ,                              ,33.230854866378834,-96.86018486290598,33.230854866378834,-96.86025460034037,33.23082866447728,-96.86025460034037,33.23082866447728,-96.86018486290598,33.23084176542806             ,-96.86021973162318            ,                                                            ,                                                                                                    
G 86                          ,                              ,                              ,                              ,33.23072866460071,-96.8600395542326,33.23078251071501,-96.8600395542326,33.23078251071501,-96.86006952791834,33.23072866460071,-96.86006952791834,33.23075558765786             ,-96.86005454107547            ,                                                            ,                                                                                                    
G 85                          ,                              ,                              ,                              ,33.23072866460071,-96.86000958054686,33.23078251071501,-96.86000958054686,33.23078251071501,-96.8600395542326,33.23072866460071,-96.8600395542326,33.23075558765786             ,-96.86002456738973            ,                                                            ,                                                                                                    
G 84                          ,                              ,                              ,                              ,33.23072866460071,-96.85997960686112,33.23078251071501,-96.85997960686112,33.23078251071501,-96.86000958054686,33.23072866460071,-96.86000958054686,33.23075558765786             ,-96.85999459370399            ,                                                            ,                                                                                                    
G 83                          ,                              ,                              ,                              ,33.23072866460071,-96.85994963317538,33.23078251071501,-96.85994963317538,33.23078251071501,-96.85997960686112,33.23072866460071,-96.85997960686112,33.23075558765786             ,-96.85996462001825            ,                                                            ,                                                                                                    
G 82                          ,                              ,                              ,                              ,33.23072866460071,-96.85991965948963,33.23078251071501,-96.85991965948963,33.23078251071501,-96.85994963317538,33.23072866460071,-96.85994963317538,33.23075558765786             ,-96.8599346463325             ,                                                            ,                                                                                                    
G 81                          ,                              ,                              ,                              ,33.23072866460071,-96.85988968580389,33.23078251071501,-96.85988968580389,33.23078251071501,-96.85991965948963,33.23072866460071,-96.85991965948963,33.23075558765786             ,-96.85990467264676            ,                                                            ,                                                                                                    
G 80                          ,                              ,                              ,                              ,33.23072866460071,-96.85985971211815,33.23078251071501,-96.85985971211815,33.23078251071501,-96.85988968580389,33.23072866460071,-96.85988968580389,33.23075558765786             ,-96.85987469896102            ,                                                            ,                                                                                                    
G 79                          ,                              ,                              ,                              ,33.23072866460071,-96.85982973843241,33.23078251071501,-96.85982973843241,33.23078251071501,-96.85985971211815,33.23072866460071,-96.85985971211815,33.23075558765786             ,-96.85984472527528            ,                                                            ,                                                                                                    
G 78                          ,                              ,                              ,                              ,33.23072866460071,-96.85979976474667,33.23078251071501,-96.85979976474667,33.23078251071501,-96.85982973843241,33.23072866460071,-96.85982973843241,33.23075558765786             ,-96.85981475158954            ,                                                            ,                                                                                                    
G 77                          ,                              ,                              ,                              ,33.23072866460071,-96.85976979106093,33.23078251071501,-96.85976979106093,33.23078251071501,-96.85979976474667,33.23072866460071,-96.85979976474667,33.23075558765786             ,-96.8597847779038             ,                                                            ,                                                                                                    
G 76                          ,                              ,                              ,                              ,33.23073146908666,-96.85953509777212,33.23078755878651,-96.85953509777212,33.23078755878651,-96.85956527262354,33.23073146908666,-96.85956527262354,33.23075951393659             ,-96.85955018519783            ,                                                            ,                                                                                                    
G 75                          ,                              ,                              ,                              ,33.23073146908666,-96.8595049229207,33.23078755878651,-96.8595049229207,33.23078755878651,-96.85953509777212,33.23073146908666,-96.85953509777212,33.23075951393659             ,-96.85952001034642            ,                                                            ,                                                                                                    
G 74                          ,                              ,                              ,                              ,33.23073146908666,-96.85947474806929,33.23078755878651,-96.85947474806929,33.23078755878651,-96.8595049229207,33.23073146908666,-96.8595049229207,33.23075951393659             ,-96.859489835495              ,                                                            ,                                                                                                    
G 73                          ,                              ,                              ,                              ,33.23073146908666,-96.85944457321787,33.23078755878651,-96.85944457321787,33.23078755878651,-96.85947474806929,33.23073146908666,-96.85947474806929,33.23075951393659             ,-96.85945966064358            ,                                                            ,                                                                                                    
G 72                          ,                              ,                              ,                              ,33.23073146908666,-96.85941439836645,33.23078755878651,-96.85941439836645,33.23078755878651,-96.85944457321787,33.23073146908666,-96.85944457321787,33.23075951393659             ,-96.85942948579216            ,                                                            ,                                                                                                    
G 71                          ,                              ,                              ,                              ,33.23073146908666,-96.85938422351504,33.23078755878651,-96.85938422351504,33.23078755878651,-96.85941439836645,33.23073146908666,-96.85941439836645,33.23075951393659             ,-96.85939931094074            ,                                                            ,                                                                                                    
G 70                          ,                              ,                              ,                              ,33.23073146908666,-96.85935404866362,33.23078755878651,-96.85935404866362,33.23078755878651,-96.85938422351504,33.23073146908666,-96.85938422351504,33.23075951393659             ,-96.85936913608933            ,                                                            ,                                                                                                    
G 69                          ,                              ,                              ,                              ,33.23073146908666,-96.8593238738122,33.23078755878651,-96.8593238738122,33.23078755878651,-96.85935404866362,33.23073146908666,-96.85935404866362,33.23075951393659             ,-96.85933896123791            ,                                                            ,                                                                                                    
G 68                          ,                              ,                              ,                              ,33.23073146908666,-96.85929369896078,33.23078755878651,-96.85929369896078,33.23078755878651,-96.8593238738122,33.23073146908666,-96.8593238738122,33.23075951393659             ,-96.85930878638649            ,                                                            ,                                                                                                    
G 67                          ,                              ,                              ,                              ,33.230733151778175,-96.85917970507765,33.23078699788969,-96.85917970507765,33.23078699788969,-96.85920987992907,33.230733151778175,-96.85920987992907,33.23076007483393             ,-96.85919479250336            ,                                                            ,                                                                                                    
G 66                          ,                              ,                              ,                              ,33.230733151778175,-96.85914953022623,33.23078699788969,-96.85914953022623,33.23078699788969,-96.85917970507765,33.230733151778175,-96.85917970507765,33.23076007483393             ,-96.85916461765194            ,                                                            ,                                                                                                    
G 65                          ,                              ,                              ,                              ,33.230733151778175,-96.85911935537482,33.23078699788969,-96.85911935537482,33.23078699788969,-96.85914953022623,33.230733151778175,-96.85914953022623,33.23076007483393             ,-96.85913444280052            ,                                                            ,                                                                                                    
G 64                          ,                              ,                              ,                              ,33.230733151778175,-96.8590891805234,33.23078699788969,-96.8590891805234,33.23078699788969,-96.85911935537482,33.230733151778175,-96.85911935537482,33.23076007483393             ,-96.8591042679491             ,                                                            ,                                                                                                    
G 63                          ,                              ,                              ,                              ,33.230733151778175,-96.85905900567198,33.23078699788969,-96.85905900567198,33.23078699788969,-96.8590891805234,33.230733151778175,-96.8590891805234,33.23076007483393             ,-96.85907409309769            ,                                                            ,                                                                                                    
G 62                          ,                              ,                              ,                              ,33.230733151778175,-96.85902883082056,33.23078699788969,-96.85902883082056,33.23078699788969,-96.85905900567198,33.230733151778175,-96.85905900567198,33.23076007483393             ,-96.85904391824627            ,                                                            ,                                                                                                    
G 61                          ,                              ,                              ,                              ,33.230733151778175,-96.85899865596915,33.23078699788969,-96.85899865596915,33.23078699788969,-96.85902883082056,33.230733151778175,-96.85902883082056,33.23076007483393             ,-96.85901374339485            ,                                                            ,                                                                                                    
G 60                          ,                              ,                              ,                              ,33.230733151778175,-96.85896848111773,33.23078699788969,-96.85896848111773,33.23078699788969,-96.85899865596915,33.230733151778175,-96.85899865596915,33.23076007483393             ,-96.85898356854344            ,                                                            ,                                                                                                    
G 59                          ,                              ,                              ,                              ,33.23061143700808,-96.85946777432585,33.23066191780886,-96.85946777432585,33.23066191780886,-96.85949754684592,33.23061143700808,-96.85949754684592,33.23063667740847             ,-96.85948266058588            ,                                                            ,                                                                                                    
G 58                          ,                              ,                              ,                              ,33.23061143700808,-96.85943800180578,33.23066191780886,-96.85943800180578,33.23066191780886,-96.85946777432585,33.23061143700808,-96.85946777432585,33.23063667740847             ,-96.85945288806582            ,                                                            ,                                                                                                    
G 57                          ,                              ,                              ,                              ,33.23061143700808,-96.85940822928572,33.23066191780886,-96.85940822928572,33.23066191780886,-96.85943800180578,33.23061143700808,-96.85943800180578,33.23063667740847             ,-96.85942311554575            ,                                                            ,                                                                                                    
G 56                          ,                              ,                              ,                              ,33.23061143700808,-96.85937845676565,33.23066191780886,-96.85937845676565,33.23066191780886,-96.85940822928572,33.23061143700808,-96.85940822928572,33.23063667740847             ,-96.85939334302569            ,                                                            ,                                                                                                    
G 55                          ,                              ,                              ,                              ,33.23061143700808,-96.85934868424559,33.23066191780886,-96.85934868424559,33.23066191780886,-96.85937845676565,33.23061143700808,-96.85937845676565,33.23063667740847             ,-96.85936357050562            ,                                                            ,                                                                                                    
G 54                          ,                              ,                              ,                              ,33.23061143700808,-96.85931891172552,33.23066191780886,-96.85931891172552,33.23066191780886,-96.85934868424559,33.23061143700808,-96.85934868424559,33.23063667740847             ,-96.85933379798556            ,                                                            ,                                                                                                    
G 53                          ,                              ,                              ,                              ,33.23061143700808,-96.85928913920546,33.23066191780886,-96.85928913920546,33.23066191780886,-96.85931891172552,33.23061143700808,-96.85931891172552,33.23063667740847             ,-96.85930402546549            ,                                                            ,                                                                                                    
G 52                          ,                              ,                              ,                              ,33.23061143700808,-96.8592593666854,33.23066191780886,-96.8592593666854,33.23066191780886,-96.85928913920546,33.23061143700808,-96.85928913920546,33.23063667740847             ,-96.85927425294543            ,                                                            ,                                                                                                    
G 51                          ,                              ,                              ,                              ,33.23061143700808,-96.85922959416533,33.23066191780886,-96.85922959416533,33.23066191780886,-96.8592593666854,33.23061143700808,-96.8592593666854,33.23063667740847             ,-96.85924448042536            ,                                                            ,                                                                                                    
G 50                          ,                              ,                              ,                              ,33.23061143700808,-96.85919982164526,33.23066191780886,-96.85919982164526,33.23066191780886,-96.85922959416533,33.23061143700808,-96.85922959416533,33.23063667740847             ,-96.8592147079053             ,                                                            ,                                                                                                    
G 49                          ,                              ,                              ,                              ,33.23061143700808,-96.8591700491252,33.23066191780886,-96.8591700491252,33.23066191780886,-96.85919982164526,33.23061143700808,-96.85919982164526,33.23063667740847             ,-96.85918493538523            ,                                                            ,                                                                                                    
G 48                          ,                              ,                              ,                              ,33.23061143700808,-96.85914027660513,33.23066191780886,-96.85914027660513,33.23066191780886,-96.8591700491252,33.23061143700808,-96.8591700491252,33.23063667740847             ,-96.85915516286516            ,                                                            ,                                                                                                    
G 47                          ,                              ,                              ,                              ,33.23061143700808,-96.85911050408507,33.23066191780886,-96.85911050408507,33.23066191780886,-96.85914027660513,33.23061143700808,-96.85914027660513,33.23063667740847             ,-96.8591253903451             ,                                                            ,                                                                                                    
G 46                          ,                              ,                              ,                              ,33.23061143700808,-96.859080731565,33.23066191780886,-96.859080731565,33.23066191780886,-96.85911050408507,33.23061143700808,-96.85911050408507,33.23063667740847             ,-96.85909561782503            ,                                                            ,                                                                                                    
G 45                          ,                              ,                              ,                              ,33.23061143700808,-96.85905095904494,33.23066191780886,-96.85905095904494,33.23066191780886,-96.859080731565,33.23061143700808,-96.859080731565,33.23063667740847             ,-96.85906584530497            ,                                                            ,                                                                                                    
G 44                          ,                              ,                              ,                              ,33.23017393551417,-96.85946594148302,33.23022946467121,-96.85946594148302,33.23022946467121,-96.85949553518915,33.23017393551417,-96.85949553518915,33.23020170009269             ,-96.85948073833609            ,                                                            ,                                                                                                    
G 43                          ,                              ,                              ,                              ,33.23017393551417,-96.85943634777689,33.23022946467121,-96.85943634777689,33.23022946467121,-96.85946594148302,33.23017393551417,-96.85946594148302,33.23020170009269             ,-96.85945114462996            ,                                                            ,                                                                                                    
G 42                          ,                              ,                              ,                              ,33.23017393551417,-96.85940675407076,33.23022946467121,-96.85940675407076,33.23022946467121,-96.85943634777689,33.23017393551417,-96.85943634777689,33.23020170009269             ,-96.85942155092383            ,                                                            ,                                                                                                    
G 41                          ,                              ,                              ,                              ,33.23017393551417,-96.85937716036463,33.23022946467121,-96.85937716036463,33.23022946467121,-96.85940675407076,33.23017393551417,-96.85940675407076,33.23020170009269             ,-96.8593919572177             ,                                                            ,                                                                                                    
G 40                          ,                              ,                              ,                              ,33.23017393551417,-96.8593475666585,33.23022946467121,-96.8593475666585,33.23022946467121,-96.85937716036463,33.23017393551417,-96.85937716036463,33.23020170009269             ,-96.85936236351156            ,                                                            ,                                                                                                    
G 39                          ,                              ,                              ,                              ,33.23017393551417,-96.85931797295237,33.23022946467121,-96.85931797295237,33.23022946467121,-96.8593475666585,33.23017393551417,-96.8593475666585,33.23020170009269             ,-96.85933276980543            ,                                                            ,                                                                                                    
G 38                          ,                              ,                              ,                              ,33.23017393551417,-96.85928837924624,33.23022946467121,-96.85928837924624,33.23022946467121,-96.85931797295237,33.23017393551417,-96.85931797295237,33.23020170009269             ,-96.8593031760993             ,                                                            ,                                                                                                    
G 37                          ,                              ,                              ,                              ,33.23017393551417,-96.8592587855401,33.23022946467121,-96.8592587855401,33.23022946467121,-96.85928837924624,33.23017393551417,-96.85928837924624,33.23020170009269             ,-96.85927358239317            ,                                                            ,                                                                                                    
G 36                          ,                              ,                              ,                              ,33.23017393551417,-96.85922919183398,33.23022946467121,-96.85922919183398,33.23022946467121,-96.8592587855401,33.23017393551417,-96.8592587855401,33.23020170009269             ,-96.85924398868704            ,                                                            ,                                                                                                    
G 35                          ,                              ,                              ,                              ,33.23017393551417,-96.85919959812784,33.23022946467121,-96.85919959812784,33.23022946467121,-96.85922919183398,33.23017393551417,-96.85922919183398,33.23020170009269             ,-96.85921439498091            ,                                                            ,                                                                                                    
G 34                          ,                              ,                              ,                              ,33.23017393551417,-96.85917000442171,33.23022946467121,-96.85917000442171,33.23022946467121,-96.85919959812784,33.23017393551417,-96.85919959812784,33.23020170009269             ,-96.85918480127478            ,                                                            ,                                                                                                    
G 33                          ,                              ,                              ,                              ,33.23017393551417,-96.85914041071558,33.23022946467121,-96.85914041071558,33.23022946467121,-96.85917000442171,33.23017393551417,-96.85917000442171,33.23020170009269             ,-96.85915520756865            ,                                                            ,                                                                                                    
G 32                          ,                              ,                              ,                              ,33.23017393551417,-96.85911081700945,33.23022946467121,-96.85911081700945,33.23022946467121,-96.85914041071558,33.23017393551417,-96.85914041071558,33.23020170009269             ,-96.85912561386252            ,                                                            ,                                                                                                    
G 31                          ,                              ,                              ,                              ,33.23017393551417,-96.85908122330332,33.23022946467121,-96.85908122330332,33.23022946467121,-96.85911081700945,33.23017393551417,-96.85911081700945,33.23020170009269             ,-96.85909602015639            ,                                                            ,                                                                                                    
G 30                          ,                              ,                              ,                              ,33.23017393551417,-96.85905162959719,33.23022946467121,-96.85905162959719,33.23022946467121,-96.85908122330332,33.23017393551417,-96.85908122330332,33.23020170009269             ,-96.85906642645025            ,                                                            ,                                                                                                    
G 29                          ,                              ,                              ,                              ,33.23017674001788,-96.85880363702202,33.230219368463466,-96.85880363702202,33.230219368463466,-96.85883235901022,33.23017674001788,-96.85883235901022,33.230198054240674            ,-96.85881799801612            ,                                                            ,                                                                                                    
G 28                          ,                              ,                              ,                              ,33.23017674001788,-96.85877491503382,33.230219368463466,-96.85877491503382,33.230219368463466,-96.85880363702202,33.23017674001788,-96.85880363702202,33.230198054240674            ,-96.85878927602792            ,                                                            ,                                                                                                    
G 27                          ,                              ,                              ,                              ,33.23017674001788,-96.85874619304562,33.230219368463466,-96.85874619304562,33.230219368463466,-96.85877491503382,33.23017674001788,-96.85877491503382,33.230198054240674            ,-96.85876055403972            ,                                                            ,                                                                                                    
G 26                          ,                              ,                              ,                              ,33.23017674001788,-96.85871747105742,33.230219368463466,-96.85871747105742,33.230219368463466,-96.85874619304562,33.23017674001788,-96.85874619304562,33.230198054240674            ,-96.85873183205152            ,                                                            ,                                                                                                    
G 25                          ,                              ,                              ,                              ,33.23017674001788,-96.85868874906922,33.230219368463466,-96.85868874906922,33.230219368463466,-96.85871747105742,33.23017674001788,-96.85871747105742,33.230198054240674            ,-96.85870311006332            ,                                                            ,                                                                                                    
G 24                          ,                              ,                              ,                              ,33.23017674001788,-96.85866002708102,33.230219368463466,-96.85866002708102,33.230219368463466,-96.85868874906922,33.23017674001788,-96.85868874906922,33.230198054240674            ,-96.85867438807512            ,                                                            ,                                                                                                    
G 18                          ,                              ,                              ,                              ,33.23006007258695,-96.85886186330939,33.23011111460714,-96.85886186330939,33.23011111460714,-96.85889136760855,33.23006007258695,-96.85889136760855,33.230085593597046            ,-96.85887661545897            ,                                                            ,                                                                                                    
G 19                          ,                              ,                              ,                              ,33.23006007258695,-96.85883235901022,33.23011111460714,-96.85883235901022,33.23011111460714,-96.85886186330939,33.23006007258695,-96.85886186330939,33.230085593597046            ,-96.8588471111598             ,                                                            ,                                                                                                    
G 20                          ,                              ,                              ,                              ,33.23006007258695,-96.85880285471106,33.23011111460714,-96.85880285471106,33.23011111460714,-96.85883235901022,33.23006007258695,-96.85883235901022,33.230085593597046            ,-96.85881760686064            ,                                                            ,                                                                                                    
G 21                          ,                              ,                              ,                              ,33.23006007258695,-96.8587733504119,33.23011111460714,-96.8587733504119,33.23011111460714,-96.85880285471106,33.23006007258695,-96.85880285471106,33.230085593597046            ,-96.85878810256148            ,                                                            ,                                                                                                    
G 22                          ,                              ,                              ,                              ,33.23006007258695,-96.85874384611273,33.23011111460714,-96.85874384611273,33.23011111460714,-96.8587733504119,33.23006007258695,-96.8587733504119,33.230085593597046            ,-96.85875859826231            ,                                                            ,                                                                                                    
G 23                          ,                              ,                              ,                              ,33.23006007258695,-96.85871434181357,33.23011111460714,-96.85871434181357,33.23011111460714,-96.85874384611273,33.23006007258695,-96.85874384611273,33.230085593597046            ,-96.85872909396315            ,                                                            ,                                                                                                    
G 8                           ,                              ,                              ,                              ,33.23006007258698,-96.85921336680079,33.23011111460717,-96.85921336680079,33.23011111460717,-96.8592427369895,33.23006007258698,-96.8592427369895,33.230085593597074            ,-96.85922805189514            ,                                                            ,                                                                                                    
G 9                           ,                              ,                              ,                              ,33.23006007258698,-96.85918399661207,33.23011111460717,-96.85918399661207,33.23011111460717,-96.85921336680079,33.23006007258698,-96.85921336680079,33.230085593597074            ,-96.85919868170643            ,                                                            ,                                                                                                    
G 10                          ,                              ,                              ,                              ,33.23006007258698,-96.85915462642336,33.23011111460717,-96.85915462642336,33.23011111460717,-96.85918399661207,33.23006007258698,-96.85918399661207,33.230085593597074            ,-96.85916931151772            ,                                                            ,                                                                                                    
G 11                          ,                              ,                              ,                              ,33.23006007258698,-96.85912525623465,33.23011111460717,-96.85912525623465,33.23011111460717,-96.85915462642336,33.23006007258698,-96.85915462642336,33.230085593597074            ,-96.859139941329              ,                                                            ,                                                                                                    
G 12                          ,                              ,                              ,                              ,33.23006007258698,-96.85909588604594,33.23011111460717,-96.85909588604594,33.23011111460717,-96.85912525623465,33.23006007258698,-96.85912525623465,33.230085593597074            ,-96.85911057114029            ,                                                            ,                                                                                                    
G 13                          ,                              ,                              ,                              ,33.23006007258698,-96.85906651585722,33.23011111460717,-96.85906651585722,33.23011111460717,-96.85909588604594,33.23006007258698,-96.85909588604594,33.230085593597074            ,-96.85908120095158            ,                                                            ,                                                                                                    
G 14                          ,                              ,                              ,                              ,33.23006007258698,-96.85903714566851,33.23011111460717,-96.85903714566851,33.23011111460717,-96.85906651585722,33.23006007258698,-96.85906651585722,33.230085593597074            ,-96.85905183076287            ,                                                            ,                                                                                                    
G 15                          ,                              ,                              ,                              ,33.23006007258698,-96.8590077754798,33.23011111460717,-96.8590077754798,33.23011111460717,-96.85903714566851,33.23006007258698,-96.85903714566851,33.230085593597074            ,-96.85902246057415            ,                                                            ,                                                                                                    
G 16                          ,                              ,                              ,                              ,33.23006007258698,-96.85897840529108,33.23011111460717,-96.85897840529108,33.23011111460717,-96.8590077754798,33.23006007258698,-96.8590077754798,33.230085593597074            ,-96.85899309038544            ,                                                            ,                                                                                                    
G 17                          ,                              ,                              ,                              ,33.23006007258698,-96.85894903510237,33.23011111460717,-96.85894903510237,33.23011111460717,-96.85897840529108,33.23006007258698,-96.85897840529108,33.230085593597074            ,-96.85896372019673            ,                                                            ,                                                                                                    
G 1                           ,                              ,                              ,                              ,33.230061755291416,-96.85947091634212,33.23011279731061,-96.85947091634212,33.23011279731061,-96.85950022905493,33.230061755291416,-96.85950022905493,33.23008727630101             ,-96.85948557269853            ,                                                            ,                                                                                                    
G 2                           ,                              ,                              ,                              ,33.230061755291416,-96.85944160362932,33.23011279731061,-96.85944160362932,33.23011279731061,-96.85947091634212,33.230061755291416,-96.85947091634212,33.23008727630101             ,-96.85945625998572            ,                                                            ,                                                                                                    
G 3                           ,                              ,                              ,                              ,33.230061755291416,-96.85941229091651,33.23011279731061,-96.85941229091651,33.23011279731061,-96.85944160362932,33.230061755291416,-96.85944160362932,33.23008727630101             ,-96.85942694727291            ,                                                            ,                                                                                                    
G 4                           ,                              ,                              ,                              ,33.230061755291416,-96.85938297820371,33.23011279731061,-96.85938297820371,33.23011279731061,-96.85941229091651,33.230061755291416,-96.85941229091651,33.23008727630101             ,-96.85939763456011            ,                                                            ,                                                                                                    
G 5                           ,                              ,                              ,                              ,33.230061755291416,-96.8593536654909,33.23011279731061,-96.8593536654909,33.23011279731061,-96.85938297820371,33.230061755291416,-96.85938297820371,33.23008727630101             ,-96.85936832184731            ,                                                            ,                                                                                                    
G 6                           ,                              ,                              ,                              ,33.230061755291416,-96.8593243527781,33.23011279731061,-96.8593243527781,33.23011279731061,-96.8593536654909,33.230061755291416,-96.8593536654909,33.23008727630101             ,-96.8593390091345             ,                                                            ,                                                                                                    
G 7                           ,                              ,                              ,                              ,33.230061755291416,-96.85929504006529,33.23011279731061,-96.85929504006529,33.23011279731061,-96.8593243527781,33.230061755291416,-96.8593243527781,33.23008727630101             ,-96.8593096964217             ,                                                            ,                                                                                                    
U 129                         ,                              ,                              ,                              ,33.218639372810024,-96.87537817999149,33.218696592212694,-96.87537817999149,33.218696592212694,-96.87540841072226,33.218639372810024,-96.87540841072226,33.21866798251136             ,-96.87539329535687            ,                                                            ,                                                                                                    
U 128                         ,                              ,                              ,                              ,33.218639372810024,-96.87534794926071,33.218696592212694,-96.87534794926071,33.218696592212694,-96.87537817999149,33.218639372810024,-96.87537817999149,33.21866798251136             ,-96.8753630646261             ,                                                            ,                                                                                                    
U 127                         ,                              ,                              ,                              ,33.218639372810024,-96.87531771852994,33.218696592212694,-96.87531771852994,33.218696592212694,-96.87534794926071,33.218639372810024,-96.87534794926071,33.21866798251136             ,-96.87533283389533            ,                                                            ,                                                                                                    
U 126                         ,                              ,                              ,                              ,33.218639372810024,-96.87528748779917,33.218696592212694,-96.87528748779917,33.218696592212694,-96.87531771852994,33.218639372810024,-96.87531771852994,33.21866798251136             ,-96.87530260316456            ,                                                            ,                                                                                                    
U 125                         ,                              ,                              ,                              ,33.218639372810024,-96.8752572570684,33.218696592212694,-96.8752572570684,33.218696592212694,-96.87528748779917,33.218639372810024,-96.87528748779917,33.21866798251136             ,-96.87527237243378            ,                                                            ,                                                                                                    
U 124                         ,                              ,                              ,                              ,33.218639372810024,-96.87522702633763,33.218696592212694,-96.87522702633763,33.218696592212694,-96.8752572570684,33.218639372810024,-96.8752572570684,33.21866798251136             ,-96.87524214170301            ,                                                            ,                                                                                                    
U 123                         ,                              ,                              ,                              ,33.218639372810024,-96.87519679560685,33.218696592212694,-96.87519679560685,33.218696592212694,-96.87522702633763,33.218639372810024,-96.87522702633763,33.21866798251136             ,-96.87521191097224            ,                                                            ,                                                                                                    
U 122                         ,                              ,                              ,                              ,33.218639372810024,-96.87516656487608,33.218696592212694,-96.87516656487608,33.218696592212694,-96.87519679560685,33.218639372810024,-96.87519679560685,33.21866798251136             ,-96.87518168024147            ,                                                            ,                                                                                                    
U 121                         ,                              ,                              ,                              ,33.218639372810024,-96.87513633414531,33.218696592212694,-96.87513633414531,33.218696592212694,-96.87516656487608,33.218639372810024,-96.87516656487608,33.21866798251136             ,-96.8751514495107             ,                                                            ,                                                                                                    
U 120                         ,                              ,                              ,                              ,33.218639372810024,-96.87510610341454,33.218696592212694,-96.87510610341454,33.218696592212694,-96.87513633414531,33.218639372810024,-96.87513633414531,33.21866798251136             ,-96.87512121877992            ,                                                            ,                                                                                                    
U 119                         ,                              ,                              ,                              ,33.218639372810024,-96.87507587268377,33.218696592212694,-96.87507587268377,33.218696592212694,-96.87510610341454,33.218639372810024,-96.87510610341454,33.21866798251136             ,-96.87509098804915            ,                                                            ,                                                                                                    
U 118                         ,                              ,                              ,                              ,33.218639372810024,-96.875045641953,33.218696592212694,-96.875045641953,33.218696592212694,-96.87507587268377,33.218639372810024,-96.87507587268377,33.21866798251136             ,-96.87506075731838            ,                                                            ,                                                                                                    
U 117                         ,                              ,                              ,                              ,33.21863432403739,-96.87622948953931,33.218684250776086,-96.87622948953931,33.218684250776086,-96.87625934153223,33.21863432403739,-96.87625934153223,33.21865928740674             ,-96.87624441553578            ,                                                            ,                                                                                                    
U 116                         ,                              ,                              ,                              ,33.21863432403739,-96.87619963754638,33.218684250776086,-96.87619963754638,33.218684250776086,-96.87622948953931,33.21863432403739,-96.87622948953931,33.21865928740674             ,-96.87621456354285            ,                                                            ,                                                                                                    
U 115                         ,                              ,                              ,                              ,33.21863432403739,-96.87616978555346,33.218684250776086,-96.87616978555346,33.218684250776086,-96.87619963754638,33.21863432403739,-96.87619963754638,33.21865928740674             ,-96.87618471154993            ,                                                            ,                                                                                                    
U 114                         ,                              ,                              ,                              ,33.21863432403739,-96.87613993356054,33.218684250776086,-96.87613993356054,33.218684250776086,-96.87616978555346,33.21863432403739,-96.87616978555346,33.21865928740674             ,-96.876154859557              ,                                                            ,                                                                                                    
U 113                         ,                              ,                              ,                              ,33.21863432403739,-96.8761100815676,33.218684250776086,-96.8761100815676,33.218684250776086,-96.87613993356054,33.21863432403739,-96.87613993356054,33.21865928740674             ,-96.87612500756407            ,                                                            ,                                                                                                    
U 112                         ,                              ,                              ,                              ,33.21863432403739,-96.87608022957468,33.218684250776086,-96.87608022957468,33.218684250776086,-96.8761100815676,33.21863432403739,-96.8761100815676,33.21865928740674             ,-96.87609515557115            ,                                                            ,                                                                                                    
U 111                         ,                              ,                              ,                              ,33.21863432403739,-96.87605037758176,33.218684250776086,-96.87605037758176,33.218684250776086,-96.87608022957468,33.21863432403739,-96.87608022957468,33.21865928740674             ,-96.87606530357823            ,                                                            ,                                                                                                    
U 110                         ,                              ,                              ,                              ,33.21863432403739,-96.87602052558883,33.218684250776086,-96.87602052558883,33.218684250776086,-96.87605037758176,33.21863432403739,-96.87605037758176,33.21865928740674             ,-96.8760354515853             ,                                                            ,                                                                                                    
U 109                         ,                              ,                              ,                              ,33.21863432403739,-96.87599067359591,33.218684250776086,-96.87599067359591,33.218684250776086,-96.87602052558883,33.21863432403739,-96.87602052558883,33.21865928740674             ,-96.87600559959238            ,                                                            ,                                                                                                    
U 108                         ,                              ,                              ,                              ,33.21863432403739,-96.87596082160299,33.218684250776086,-96.87596082160299,33.218684250776086,-96.87599067359591,33.21863432403739,-96.87599067359591,33.21865928740674             ,-96.87597574759945            ,                                                            ,                                                                                                    
U 107                         ,                              ,                              ,                              ,33.21863432403739,-96.87593096961005,33.218684250776086,-96.87593096961005,33.218684250776086,-96.87596082160299,33.21863432403739,-96.87596082160299,33.21865928740674             ,-96.87594589560652            ,                                                            ,                                                                                                    
U 106                         ,                              ,                              ,                              ,33.21863432403739,-96.87590111761713,33.218684250776086,-96.87590111761713,33.218684250776086,-96.87593096961005,33.21863432403739,-96.87593096961005,33.21865928740674             ,-96.8759160436136             ,                                                            ,                                                                                                    
U 105                         ,                              ,                              ,                              ,33.21863432403739,-96.87587126562421,33.218684250776086,-96.87587126562421,33.218684250776086,-96.87590111761713,33.21863432403739,-96.87590111761713,33.21865928740674             ,-96.87588619162068            ,                                                            ,                                                                                                    
U 104                         ,                              ,                              ,                              ,33.21863432403739,-96.87584141363128,33.218684250776086,-96.87584141363128,33.218684250776086,-96.87587126562421,33.21863432403739,-96.87587126562421,33.21865928740674             ,-96.87585633962775            ,                                                            ,                                                                                                    
U 103                         ,                              ,                              ,                              ,33.21863432403739,-96.87581156163836,33.218684250776086,-96.87581156163836,33.218684250776086,-96.87584141363128,33.21863432403739,-96.87584141363128,33.21865928740674             ,-96.87582648763482            ,                                                            ,                                                                                                    
U 102                         ,                              ,                              ,                              ,33.21863432403739,-96.87578170964544,33.218684250776086,-96.87578170964544,33.218684250776086,-96.87581156163836,33.21863432403739,-96.87581156163836,33.21865928740674             ,-96.8757966356419             ,                                                            ,                                                                                                    
U 101                         ,                              ,                              ,                              ,33.21863432403739,-96.8757518576525,33.218684250776086,-96.8757518576525,33.218684250776086,-96.87578170964544,33.21863432403739,-96.87578170964544,33.21865928740674             ,-96.87576678364897            ,                                                            ,                                                                                                    
U 100                         ,                              ,                              ,                              ,33.21863432403739,-96.87572200565958,33.218684250776086,-96.87572200565958,33.218684250776086,-96.8757518576525,33.21863432403739,-96.8757518576525,33.21865928740674             ,-96.87573693165605            ,                                                            ,                                                                                                    
U 99                          ,                              ,                              ,                              ,33.21863432403739,-96.87569215366666,33.218684250776086,-96.87569215366666,33.218684250776086,-96.87572200565958,33.21863432403739,-96.87572200565958,33.21865928740674             ,-96.87570707966313            ,                                                            ,                                                                                                    
U 98                          ,                              ,                              ,                              ,33.21863432403739,-96.87566230167373,33.218684250776086,-96.87566230167373,33.218684250776086,-96.87569215366666,33.21863432403739,-96.87569215366666,33.21865928740674             ,-96.8756772276702             ,                                                            ,                                                                                                    
U 97                          ,                              ,                              ,                              ,33.21863432403739,-96.87563244968081,33.218684250776086,-96.87563244968081,33.218684250776086,-96.87566230167373,33.21863432403739,-96.87566230167373,33.21865928740674             ,-96.87564737567727            ,                                                            ,                                                                                                    
U 96                          ,                              ,                              ,                              ,33.21863432403739,-96.87560259768789,33.218684250776086,-96.87560259768789,33.218684250776086,-96.87563244968081,33.21863432403739,-96.87563244968081,33.21865928740674             ,-96.87561752368435            ,                                                            ,                                                                                                    
U 95                          ,                              ,                              ,                              ,33.21863432403739,-96.87557274569495,33.218684250776086,-96.87557274569495,33.218684250776086,-96.87560259768789,33.21863432403739,-96.87560259768789,33.21865928740674             ,-96.87558767169142            ,                                                            ,                                                                                                    
U 94                          ,                              ,                              ,                              ,33.21863432403739,-96.87554289370203,33.218684250776086,-96.87554289370203,33.218684250776086,-96.87557274569495,33.21863432403739,-96.87557274569495,33.21865928740674             ,-96.8755578196985             ,                                                            ,                                                                                                    
U 93                          ,                              ,                              ,                              ,33.21863432403739,-96.87551304170911,33.218684250776086,-96.87551304170911,33.218684250776086,-96.87554289370203,33.21863432403739,-96.87554289370203,33.21865928740674             ,-96.87552796770558            ,                                                            ,                                                                                                    
U 92                          ,                              ,                              ,                              ,33.21863432403739,-96.87548318971618,33.218684250776086,-96.87548318971618,33.218684250776086,-96.87551304170911,33.21863432403739,-96.87551304170911,33.21865928740674             ,-96.87549811571265            ,                                                            ,                                                                                                    
U 91                          ,                              ,                              ,                              ,33.21863432403739,-96.87545333772326,33.218684250776086,-96.87545333772326,33.218684250776086,-96.87548318971618,33.21863432403739,-96.87548318971618,33.21865928740674             ,-96.87546826371972            ,                                                            ,                                                                                                    
U 113                         ,                              ,                              ,                              ,33.218510909504936,-96.87635989643061,33.218565324115694,-96.87635989643061,33.218565324115694,-96.87638942866946,33.218510909504936,-96.87638942866946,33.218538116810315            ,-96.87637466255003            ,                                                            ,                                                                                                    
U 112                         ,                              ,                              ,                              ,33.218510909504936,-96.87633036419177,33.218565324115694,-96.87633036419177,33.218565324115694,-96.87635989643061,33.218510909504936,-96.87635989643061,33.218538116810315            ,-96.8763451303112             ,                                                            ,                                                                                                    
U 111                         ,                              ,                              ,                              ,33.218510909504936,-96.87630083195293,33.218565324115694,-96.87630083195293,33.218565324115694,-96.87633036419177,33.218510909504936,-96.87633036419177,33.218538116810315            ,-96.87631559807235            ,                                                            ,                                                                                                    
U 110                         ,                              ,                              ,                              ,33.218510909504936,-96.87627129971409,33.218565324115694,-96.87627129971409,33.218565324115694,-96.87630083195293,33.218510909504936,-96.87630083195293,33.218538116810315            ,-96.87628606583351            ,                                                            ,                                                                                                    
U 109                         ,                              ,                              ,                              ,33.218510909504936,-96.87624176747525,33.218565324115694,-96.87624176747525,33.218565324115694,-96.87627129971409,33.218510909504936,-96.87627129971409,33.218538116810315            ,-96.87625653359467            ,                                                            ,                                                                                                    
U 108                         ,                              ,                              ,                              ,33.218510909504936,-96.87621223523641,33.218565324115694,-96.87621223523641,33.218565324115694,-96.87624176747525,33.218510909504936,-96.87624176747525,33.218538116810315            ,-96.87622700135583            ,                                                            ,                                                                                                    
U 107                         ,                              ,                              ,                              ,33.218510909504936,-96.87618270299757,33.218565324115694,-96.87618270299757,33.218565324115694,-96.87621223523641,33.218510909504936,-96.87621223523641,33.218538116810315            ,-96.87619746911699            ,                                                            ,                                                                                                    
U 106                         ,                              ,                              ,                              ,33.218510909504936,-96.87615317075873,33.218565324115694,-96.87615317075873,33.218565324115694,-96.87618270299757,33.218510909504936,-96.87618270299757,33.218538116810315            ,-96.87616793687815            ,                                                            ,                                                                                                    
U 105                         ,                              ,                              ,                              ,33.218510909504936,-96.87612363851989,33.218565324115694,-96.87612363851989,33.218565324115694,-96.87615317075873,33.218510909504936,-96.87615317075873,33.218538116810315            ,-96.8761384046393             ,                                                            ,                                                                                                    
U 104                         ,                              ,                              ,                              ,33.218510909504936,-96.87609410628104,33.218565324115694,-96.87609410628104,33.218565324115694,-96.87612363851989,33.218510909504936,-96.87612363851989,33.218538116810315            ,-96.87610887240047            ,                                                            ,                                                                                                    
U 103                         ,                              ,                              ,                              ,33.218510909504936,-96.8760645740422,33.218565324115694,-96.8760645740422,33.218565324115694,-96.87609410628104,33.218510909504936,-96.87609410628104,33.218538116810315            ,-96.87607934016162            ,                                                            ,                                                                                                    
U 102                         ,                              ,                              ,                              ,33.218510909504936,-96.87603504180336,33.218565324115694,-96.87603504180336,33.218565324115694,-96.8760645740422,33.218510909504936,-96.8760645740422,33.218538116810315            ,-96.87604980792278            ,                                                            ,                                                                                                    
U 101                         ,                              ,                              ,                              ,33.218510909504936,-96.87600550956452,33.218565324115694,-96.87600550956452,33.218565324115694,-96.87603504180336,33.218510909504936,-96.87603504180336,33.218538116810315            ,-96.87602027568394            ,                                                            ,                                                                                                    
U 100                         ,                              ,                              ,                              ,33.218510909504936,-96.87597597732568,33.218565324115694,-96.87597597732568,33.218565324115694,-96.87600550956452,33.218510909504936,-96.87600550956452,33.218538116810315            ,-96.8759907434451             ,                                                            ,                                                                                                    
U 99                          ,                              ,                              ,                              ,33.218510909504936,-96.87594644508684,33.218565324115694,-96.87594644508684,33.218565324115694,-96.87597597732568,33.218510909504936,-96.87597597732568,33.218538116810315            ,-96.87596121120626            ,                                                            ,                                                                                                    
U 98                          ,                              ,                              ,                              ,33.218510909504936,-96.875916912848,33.218565324115694,-96.875916912848,33.218565324115694,-96.87594644508684,33.218510909504936,-96.87594644508684,33.218538116810315            ,-96.87593167896742            ,                                                            ,                                                                                                    
U 97                          ,                              ,                              ,                              ,33.218510909504936,-96.87588738060916,33.218565324115694,-96.87588738060916,33.218565324115694,-96.875916912848,33.218510909504936,-96.875916912848,33.218538116810315            ,-96.87590214672858            ,                                                            ,                                                                                                    
U 96                          ,                              ,                              ,                              ,33.218510909504936,-96.87585784837032,33.218565324115694,-96.87585784837032,33.218565324115694,-96.87588738060916,33.218510909504936,-96.87588738060916,33.218538116810315            ,-96.87587261448974            ,                                                            ,                                                                                                    
U 95                          ,                              ,                              ,                              ,33.218510909504936,-96.87582831613148,33.218565324115694,-96.87582831613148,33.218565324115694,-96.87585784837032,33.218510909504936,-96.87585784837032,33.218538116810315            ,-96.8758430822509             ,                                                            ,                                                                                                    
U 94                          ,                              ,                              ,                              ,33.218510909504936,-96.87579878389263,33.218565324115694,-96.87579878389263,33.218565324115694,-96.87582831613148,33.218510909504936,-96.87582831613148,33.218538116810315            ,-96.87581355001205            ,                                                            ,                                                                                                    
U 93                          ,                              ,                              ,                              ,33.218510909504936,-96.8757692516538,33.218565324115694,-96.8757692516538,33.218565324115694,-96.87579878389263,33.218510909504936,-96.87579878389263,33.218538116810315            ,-96.87578401777321            ,                                                            ,                                                                                                    
U 92                          ,                              ,                              ,                              ,33.218510909504936,-96.87573971941495,33.218565324115694,-96.87573971941495,33.218565324115694,-96.8757692516538,33.218510909504936,-96.8757692516538,33.218538116810315            ,-96.87575448553437            ,                                                            ,                                                                                                    
U 91                          ,                              ,                              ,                              ,33.218510909504936,-96.87571018717611,33.218565324115694,-96.87571018717611,33.218565324115694,-96.87573971941495,33.218510909504936,-96.87573971941495,33.218538116810315            ,-96.87572495329553            ,                                                            ,                                                                                                    
U 90                          ,                              ,                              ,                              ,33.218510909504936,-96.87568065493727,33.218565324115694,-96.87568065493727,33.218565324115694,-96.87571018717611,33.218510909504936,-96.87571018717611,33.218538116810315            ,-96.87569542105669            ,                                                            ,                                                                                                    
U 89                          ,                              ,                              ,                              ,33.21845873876388,-96.87632974951887,33.21851315340707,-96.87632974951887,33.21851315340707,-96.87635925381804,33.21845873876388,-96.87635925381804,33.21848594608548             ,-96.87634450166846            ,                                                            ,                                                                                                    
U 88                          ,                              ,                              ,                              ,33.21845873876388,-96.87630024521971,33.21851315340707,-96.87630024521971,33.21851315340707,-96.87632974951887,33.21845873876388,-96.87632974951887,33.21848594608548             ,-96.87631499736929            ,                                                            ,                                                                                                    
U 87                          ,                              ,                              ,                              ,33.21845873876388,-96.87627074092055,33.21851315340707,-96.87627074092055,33.21851315340707,-96.87630024521971,33.21845873876388,-96.87630024521971,33.21848594608548             ,-96.87628549307013            ,                                                            ,                                                                                                    
U 86                          ,                              ,                              ,                              ,33.21845873876388,-96.87624123662138,33.21851315340707,-96.87624123662138,33.21851315340707,-96.87627074092055,33.21845873876388,-96.87627074092055,33.21848594608548             ,-96.87625598877096            ,                                                            ,                                                                                                    
U 85                          ,                              ,                              ,                              ,33.21845873876388,-96.87621173232222,33.21851315340707,-96.87621173232222,33.21851315340707,-96.87624123662138,33.21845873876388,-96.87624123662138,33.21848594608548             ,-96.8762264844718             ,                                                            ,                                                                                                    
U 84                          ,                              ,                              ,                              ,33.21845873876388,-96.87618222802305,33.21851315340707,-96.87618222802305,33.21851315340707,-96.87621173232222,33.21845873876388,-96.87621173232222,33.21848594608548             ,-96.87619698017264            ,                                                            ,                                                                                                    
U 83                          ,                              ,                              ,                              ,33.21845873876388,-96.87615272372389,33.21851315340707,-96.87615272372389,33.21851315340707,-96.87618222802305,33.21845873876388,-96.87618222802305,33.21848594608548             ,-96.87616747587347            ,                                                            ,                                                                                                    
U 82                          ,                              ,                              ,                              ,33.21845873876388,-96.87612321942473,33.21851315340707,-96.87612321942473,33.21851315340707,-96.87615272372389,33.21845873876388,-96.87615272372389,33.21848594608548             ,-96.87613797157431            ,                                                            ,                                                                                                    
U 81                          ,                              ,                              ,                              ,33.21845873876388,-96.87609371512556,33.21851315340707,-96.87609371512556,33.21851315340707,-96.87612321942473,33.21845873876388,-96.87612321942473,33.21848594608548             ,-96.87610846727515            ,                                                            ,                                                                                                    
U 80                          ,                              ,                              ,                              ,33.21845873876388,-96.8760642108264,33.21851315340707,-96.8760642108264,33.21851315340707,-96.87609371512556,33.21845873876388,-96.87609371512556,33.21848594608548             ,-96.87607896297598            ,                                                            ,                                                                                                    
U 79                          ,                              ,                              ,                              ,33.21845873876388,-96.87603470652724,33.21851315340707,-96.87603470652724,33.21851315340707,-96.8760642108264,33.21845873876388,-96.8760642108264,33.21848594608548             ,-96.87604945867682            ,                                                            ,                                                                                                    
U 78                          ,                              ,                              ,                              ,33.21845873876388,-96.87600520222807,33.21851315340707,-96.87600520222807,33.21851315340707,-96.87603470652724,33.21845873876388,-96.87603470652724,33.21848594608548             ,-96.87601995437765            ,                                                            ,                                                                                                    
U 77                          ,                              ,                              ,                              ,33.21845873876388,-96.87597569792891,33.21851315340707,-96.87597569792891,33.21851315340707,-96.87600520222807,33.21845873876388,-96.87600520222807,33.21848594608548             ,-96.87599045007849            ,                                                            ,                                                                                                    
U 76                          ,                              ,                              ,                              ,33.21845873876388,-96.87594619362974,33.21851315340707,-96.87594619362974,33.21851315340707,-96.87597569792891,33.21845873876388,-96.87597569792891,33.21848594608548             ,-96.87596094577933            ,                                                            ,                                                                                                    
U 75                          ,                              ,                              ,                              ,33.21845873876388,-96.87591668933058,33.21851315340707,-96.87591668933058,33.21851315340707,-96.87594619362974,33.21845873876388,-96.87594619362974,33.21848594608548             ,-96.87593144148016            ,                                                            ,                                                                                                    
U 74                          ,                              ,                              ,                              ,33.21845873876388,-96.87588718503142,33.21851315340707,-96.87588718503142,33.21851315340707,-96.87591668933058,33.21845873876388,-96.87591668933058,33.21848594608548             ,-96.875901937181              ,                                                            ,                                                                                                    
U 73                          ,                              ,                              ,                              ,33.21845873876388,-96.87585768073225,33.21851315340707,-96.87585768073225,33.21851315340707,-96.87588718503142,33.21845873876388,-96.87588718503142,33.21848594608548             ,-96.87587243288183            ,                                                            ,                                                                                                    
U 72                          ,                              ,                              ,                              ,33.21845873876388,-96.87582817643309,33.21851315340707,-96.87582817643309,33.21851315340707,-96.87585768073225,33.21845873876388,-96.87585768073225,33.21848594608548             ,-96.87584292858267            ,                                                            ,                                                                                                    
U 71                          ,                              ,                              ,                              ,33.21845873876388,-96.87579867213393,33.21851315340707,-96.87579867213393,33.21851315340707,-96.87582817643309,33.21845873876388,-96.87582817643309,33.21848594608548             ,-96.8758134242835             ,                                                            ,                                                                                                    
U 70                          ,                              ,                              ,                              ,33.21845873876388,-96.87576916783476,33.21851315340707,-96.87576916783476,33.21851315340707,-96.87579867213393,33.21845873876388,-96.87579867213393,33.21848594608548             ,-96.87578391998434            ,                                                            ,                                                                                                    
U 69                          ,                              ,                              ,                              ,33.21845873876388,-96.8757396635356,33.21851315340707,-96.8757396635356,33.21851315340707,-96.87576916783476,33.21845873876388,-96.87576916783476,33.21848594608548             ,-96.87575441568518            ,                                                            ,                                                                                                    
U 68                          ,                              ,                              ,                              ,33.21845873876388,-96.87571015923643,33.21851315340707,-96.87571015923643,33.21851315340707,-96.8757396635356,33.21845873876388,-96.8757396635356,33.21848594608548             ,-96.87572491138602            ,                                                            ,                                                                                                    
U 67                          ,                              ,                              ,                              ,33.21864947035437,-96.87756046436155,33.218710055596105,-96.87756046436155,33.218710055596105,-96.87759172886038,33.21864947035437,-96.87759172886038,33.21867976297524             ,-96.87757609661097            ,                                                            ,                                                                                                    
U 66                          ,                              ,                              ,                              ,33.21864947035437,-96.87752919986272,33.218710055596105,-96.87752919986272,33.218710055596105,-96.87756046436155,33.21864947035437,-96.87756046436155,33.21867976297524             ,-96.87754483211214            ,                                                            ,                                                                                                    
U 65                          ,                              ,                              ,                              ,33.21864947035437,-96.87749793536389,33.218710055596105,-96.87749793536389,33.218710055596105,-96.87752919986272,33.21864947035437,-96.87752919986272,33.21867976297524             ,-96.8775135676133             ,                                                            ,                                                                                                    
U 64                          ,                              ,                              ,                              ,33.21864947035437,-96.87746667086506,33.218710055596105,-96.87746667086506,33.218710055596105,-96.87749793536389,33.21864947035437,-96.87749793536389,33.21867976297524             ,-96.87748230311448            ,                                                            ,                                                                                                    
U 63                          ,                              ,                              ,                              ,33.21864947035437,-96.87743540636623,33.218710055596105,-96.87743540636623,33.218710055596105,-96.87746667086506,33.21864947035437,-96.87746667086506,33.21867976297524             ,-96.87745103861565            ,                                                            ,                                                                                                    
U 62                          ,                              ,                              ,                              ,33.21864947035437,-96.8774041418674,33.218710055596105,-96.8774041418674,33.218710055596105,-96.87743540636623,33.21864947035437,-96.87743540636623,33.21867976297524             ,-96.87741977411682            ,                                                            ,                                                                                                    
U 61                          ,                              ,                              ,                              ,33.21864947035437,-96.87737287736857,33.218710055596105,-96.87737287736857,33.218710055596105,-96.8774041418674,33.21864947035437,-96.8774041418674,33.21867976297524             ,-96.87738850961799            ,                                                            ,                                                                                                    
U 60                          ,                              ,                              ,                              ,33.21864947035437,-96.87734161286974,33.218710055596105,-96.87734161286974,33.218710055596105,-96.87737287736857,33.21864947035437,-96.87737287736857,33.21867976297524             ,-96.87735724511916            ,                                                            ,                                                                                                    
U 59                          ,                              ,                              ,                              ,33.21865283620223,-96.87717927536222,33.21870051903306,-96.87717927536222,33.21870051903306,-96.8772088435235,33.21865283620223,-96.8772088435235,33.218676677617644            ,-96.87719405944287            ,                                                            ,                                                                                                    
U 58                          ,                              ,                              ,                              ,33.21865283620223,-96.87714970720094,33.21870051903306,-96.87714970720094,33.21870051903306,-96.87717927536222,33.21865283620223,-96.87717927536222,33.218676677617644            ,-96.87716449128158            ,                                                            ,                                                                                                    
U 57                          ,                              ,                              ,                              ,33.21865283620223,-96.87712013903966,33.21870051903306,-96.87712013903966,33.21870051903306,-96.87714970720094,33.21865283620223,-96.87714970720094,33.218676677617644            ,-96.87713492312031            ,                                                            ,                                                                                                    
U 56                          ,                              ,                              ,                              ,33.21865283620223,-96.87709057087837,33.21870051903306,-96.87709057087837,33.21870051903306,-96.87712013903966,33.21865283620223,-96.87712013903966,33.218676677617644            ,-96.87710535495901            ,                                                            ,                                                                                                    
U 55                          ,                              ,                              ,                              ,33.21865283620223,-96.87706100271708,33.21870051903306,-96.87706100271708,33.21870051903306,-96.87709057087837,33.21865283620223,-96.87709057087837,33.218676677617644            ,-96.87707578679772            ,                                                            ,                                                                                                    
U 54                          ,                              ,                              ,                              ,33.21865283620223,-96.8770314345558,33.21870051903306,-96.8770314345558,33.21870051903306,-96.87706100271708,33.21865283620223,-96.87706100271708,33.218676677617644            ,-96.87704621863644            ,                                                            ,                                                                                                    
U 53                          ,                              ,                              ,                              ,33.21865283620223,-96.87700186639452,33.21870051903306,-96.87700186639452,33.21870051903306,-96.8770314345558,33.21865283620223,-96.8770314345558,33.218676677617644            ,-96.87701665047517            ,                                                            ,                                                                                                    
U 52                          ,                              ,                              ,                              ,33.21865283620223,-96.87697229823324,33.21870051903306,-96.87697229823324,33.21870051903306,-96.87700186639452,33.21865283620223,-96.87700186639452,33.218676677617644            ,-96.87698708231389            ,                                                            ,                                                                                                    
U 51                          ,                              ,                              ,                              ,33.21865283620223,-96.87694273007196,33.21870051903306,-96.87694273007196,33.21870051903306,-96.87697229823324,33.21865283620223,-96.87697229823324,33.218676677617644            ,-96.8769575141526             ,                                                            ,                                                                                                    
U 50                          ,                              ,                              ,                              ,33.21865283620223,-96.87691316191068,33.21870051903306,-96.87691316191068,33.21870051903306,-96.87694273007196,33.21865283620223,-96.87694273007196,33.218676677617644            ,-96.87692794599133            ,                                                            ,                                                                                                    
U 49                          ,                              ,                              ,                              ,33.21865283620223,-96.87688359374938,33.21870051903306,-96.87688359374938,33.21870051903306,-96.87691316191068,33.21865283620223,-96.87691316191068,33.218676677617644            ,-96.87689837783003            ,                                                            ,                                                                                                    
U 48                          ,                              ,                              ,                              ,33.21865283620223,-96.8768540255881,33.21870051903306,-96.8768540255881,33.21870051903306,-96.87688359374938,33.21865283620223,-96.87688359374938,33.218676677617644            ,-96.87686880966874            ,                                                            ,                                                                                                    
U 47                          ,                              ,                              ,                              ,33.21865283620223,-96.87682445742682,33.21870051903306,-96.87682445742682,33.21870051903306,-96.8768540255881,33.21865283620223,-96.8768540255881,33.218676677617644            ,-96.87683924150745            ,                                                            ,                                                                                                    
U 46                          ,                              ,                              ,                              ,33.21865283620223,-96.87679488926554,33.21870051903306,-96.87679488926554,33.21870051903306,-96.87682445742682,33.21865283620223,-96.87682445742682,33.218676677617644            ,-96.87680967334619            ,                                                            ,                                                                                                    
U 45                          ,                              ,                              ,                              ,33.21865283620223,-96.87676532110426,33.21870051903306,-96.87676532110426,33.21870051903306,-96.87679488926554,33.21865283620223,-96.87679488926554,33.218676677617644            ,-96.8767801051849             ,                                                            ,                                                                                                    
U 44                          ,                              ,                              ,                              ,33.21865283620223,-96.87673575294298,33.21870051903306,-96.87673575294298,33.21870051903306,-96.87676532110426,33.21865283620223,-96.87676532110426,33.218676677617644            ,-96.87675053702361            ,                                                            ,                                                                                                    
U 43                          ,                              ,                              ,                              ,33.21865283620223,-96.8767061847817,33.21870051903306,-96.8767061847817,33.21870051903306,-96.87673575294298,33.21865283620223,-96.87673575294298,33.218676677617644            ,-96.87672096886234            ,                                                            ,                                                                                                    
U 42                          ,                              ,                              ,                              ,33.21865283620223,-96.8766766166204,33.21870051903306,-96.8766766166204,33.21870051903306,-96.8767061847817,33.21865283620223,-96.8767061847817,33.218676677617644            ,-96.87669140070105            ,                                                            ,                                                                                                    
U 41                          ,                              ,                              ,                              ,33.21865283620223,-96.87664704845912,33.21870051903306,-96.87664704845912,33.21870051903306,-96.8766766166204,33.21865283620223,-96.8766766166204,33.218676677617644            ,-96.87666183253975            ,                                                            ,                                                                                                    
U 40                          ,                              ,                              ,                              ,33.21865283620223,-96.87661748029784,33.21870051903306,-96.87661748029784,33.21870051903306,-96.87664704845912,33.21865283620223,-96.87664704845912,33.218676677617644            ,-96.87663226437847            ,                                                            ,                                                                                                    
U 39                          ,                              ,                              ,                              ,33.21865283620223,-96.87658791213656,33.21870051903306,-96.87658791213656,33.21870051903306,-96.87661748029784,33.21865283620223,-96.87661748029784,33.218676677617644            ,-96.8766026962172             ,                                                            ,                                                                                                    
U 38                          ,                              ,                              ,                              ,33.218532787548405,-96.87714108245366,33.21858383629517,-96.87714108245366,33.21858383629517,-96.87717062204504,33.218532787548405,-96.87717062204504,33.21855831192178             ,-96.87715585224936            ,                                                            ,                                                                                                    
U 37                          ,                              ,                              ,                              ,33.218532787548405,-96.87711154286227,33.21858383629517,-96.87711154286227,33.21858383629517,-96.87714108245366,33.218532787548405,-96.87714108245366,33.21855831192178             ,-96.87712631265796            ,                                                            ,                                                                                                    
U 36                          ,                              ,                              ,                              ,33.218532787548405,-96.87708200327089,33.21858383629517,-96.87708200327089,33.21858383629517,-96.87711154286227,33.218532787548405,-96.87711154286227,33.21855831192178             ,-96.87709677306658            ,                                                            ,                                                                                                    
U 35                          ,                              ,                              ,                              ,33.218532787548405,-96.87705246367949,33.21858383629517,-96.87705246367949,33.21858383629517,-96.87708200327089,33.218532787548405,-96.87708200327089,33.21855831192178             ,-96.87706723347517            ,                                                            ,                                                                                                    
U 34                          ,                              ,                              ,                              ,33.218532787548405,-96.87702292408811,33.21858383629517,-96.87702292408811,33.21858383629517,-96.87705246367949,33.218532787548405,-96.87705246367949,33.21855831192178             ,-96.87703769388379            ,                                                            ,                                                                                                    
U 33                          ,                              ,                              ,                              ,33.218532787548405,-96.87699338449671,33.21858383629517,-96.87699338449671,33.21858383629517,-96.87702292408811,33.218532787548405,-96.87702292408811,33.21855831192178             ,-96.87700815429241            ,                                                            ,                                                                                                    
U 32                          ,                              ,                              ,                              ,33.218532787548405,-96.87696384490533,33.21858383629517,-96.87696384490533,33.21858383629517,-96.87699338449671,33.218532787548405,-96.87699338449671,33.21855831192178             ,-96.87697861470102            ,                                                            ,                                                                                                    
U 31                          ,                              ,                              ,                              ,33.218532787548405,-96.87693430531394,33.21858383629517,-96.87693430531394,33.21858383629517,-96.87696384490533,33.218532787548405,-96.87696384490533,33.21855831192178             ,-96.87694907510964            ,                                                            ,                                                                                                    
U 30                          ,                              ,                              ,                              ,33.218532787548405,-96.87690476572256,33.21858383629517,-96.87690476572256,33.21858383629517,-96.87693430531394,33.218532787548405,-96.87693430531394,33.21855831192178             ,-96.87691953551825            ,                                                            ,                                                                                                    
U 29                          ,                              ,                              ,                              ,33.218532787548405,-96.87687522613116,33.21858383629517,-96.87687522613116,33.21858383629517,-96.87690476572256,33.218532787548405,-96.87690476572256,33.21855831192178             ,-96.87688999592686            ,                                                            ,                                                                                                    
U 28                          ,                              ,                              ,                              ,33.218532787548405,-96.87684568653978,33.21858383629517,-96.87684568653978,33.21858383629517,-96.87687522613116,33.218532787548405,-96.87687522613116,33.21855831192178             ,-96.87686045633548            ,                                                            ,                                                                                                    
U 27                          ,                              ,                              ,                              ,33.218532787548405,-96.87681614694839,33.21858383629517,-96.87681614694839,33.21858383629517,-96.87684568653978,33.218532787548405,-96.87684568653978,33.21855831192178             ,-96.8768309167441             ,                                                            ,                                                                                                    
U 26                          ,                              ,                              ,                              ,33.218532787548405,-96.876786607357,33.21858383629517,-96.876786607357,33.21858383629517,-96.87681614694839,33.218532787548405,-96.87681614694839,33.21855831192178             ,-96.8768013771527             ,                                                            ,                                                                                                    
U 25                          ,                              ,                              ,                              ,33.218532787548405,-96.87675706776561,33.21858383629517,-96.87675706776561,33.21858383629517,-96.876786607357,33.218532787548405,-96.876786607357,33.21855831192178             ,-96.87677183756131            ,                                                            ,                                                                                                    
U 24                          ,                              ,                              ,                              ,33.218532787548405,-96.87672752817423,33.21858383629517,-96.87672752817423,33.21858383629517,-96.87675706776561,33.218532787548405,-96.87675706776561,33.21855831192178             ,-96.87674229796991            ,                                                            ,                                                                                                    
U 23                          ,                              ,                              ,                              ,33.218532787548405,-96.87669798858283,33.21858383629517,-96.87669798858283,33.21858383629517,-96.87672752817423,33.218532787548405,-96.87672752817423,33.21855831192178             ,-96.87671275837853            ,                                                            ,                                                                                                    
U 22                          ,                              ,                              ,                              ,33.218532787548405,-96.87666844899145,33.21858383629517,-96.87666844899145,33.21858383629517,-96.87669798858283,33.218532787548405,-96.87669798858283,33.21855831192178             ,-96.87668321878715            ,                                                            ,                                                                                                    
U 21                          ,                              ,                              ,                              ,33.218532787548405,-96.87663890940006,33.21858383629517,-96.87663890940006,33.21858383629517,-96.87666844899145,33.218532787548405,-96.87666844899145,33.21855831192178             ,-96.87665367919575            ,                                                            ,                                                                                                    
U 20                          ,                              ,                              ,                              ,33.218532787548405,-96.87660936980868,33.21858383629517,-96.87660936980868,33.21858383629517,-96.87663890940006,33.218532787548405,-96.87663890940006,33.21855831192178             ,-96.87662413960437            ,                                                            ,                                                                                                    
U 19                          ,                              ,                              ,                              ,33.21848005584465,-96.87714150596034,33.21853110462217,-96.87714150596034,33.21853110462217,-96.8771712925973,33.21848005584465,-96.8771712925973,33.21850558023341             ,-96.87715639927882            ,                                                            ,                                                                                                    
U 18                          ,                              ,                              ,                              ,33.21848005584465,-96.87711171932338,33.21853110462217,-96.87711171932338,33.21853110462217,-96.87714150596034,33.21848005584465,-96.87714150596034,33.21850558023341             ,-96.87712661264186            ,                                                            ,                                                                                                    
U 17                          ,                              ,                              ,                              ,33.21848005584465,-96.87708193268644,33.21853110462217,-96.87708193268644,33.21853110462217,-96.87711171932338,33.21848005584465,-96.87711171932338,33.21850558023341             ,-96.8770968260049             ,                                                            ,                                                                                                    
U 16                          ,                              ,                              ,                              ,33.21848005584465,-96.87705214604948,33.21853110462217,-96.87705214604948,33.21853110462217,-96.87708193268644,33.21848005584465,-96.87708193268644,33.21850558023341             ,-96.87706703936796            ,                                                            ,                                                                                                    
U 15                          ,                              ,                              ,                              ,33.21848005584465,-96.87702235941252,33.21853110462217,-96.87702235941252,33.21853110462217,-96.87705214604948,33.21848005584465,-96.87705214604948,33.21850558023341             ,-96.877037252731              ,                                                            ,                                                                                                    
U 14                          ,                              ,                              ,                              ,33.21848005584465,-96.87699257277556,33.21853110462217,-96.87699257277556,33.21853110462217,-96.87702235941252,33.21848005584465,-96.87702235941252,33.21850558023341             ,-96.87700746609404            ,                                                            ,                                                                                                    
U 13                          ,                              ,                              ,                              ,33.21848005584465,-96.8769627861386,33.21853110462217,-96.8769627861386,33.21853110462217,-96.87699257277556,33.21848005584465,-96.87699257277556,33.21850558023341             ,-96.87697767945708            ,                                                            ,                                                                                                    
U 12                          ,                              ,                              ,                              ,33.21848005584465,-96.87693299950166,33.21853110462217,-96.87693299950166,33.21853110462217,-96.8769627861386,33.21848005584465,-96.8769627861386,33.21850558023341             ,-96.87694789282014            ,                                                            ,                                                                                                    
U 11                          ,                              ,                              ,                              ,33.21848005584465,-96.8769032128647,33.21853110462217,-96.8769032128647,33.21853110462217,-96.87693299950166,33.21848005584465,-96.87693299950166,33.21850558023341             ,-96.87691810618318            ,                                                            ,                                                                                                    
U 10                          ,                              ,                              ,                              ,33.21848005584465,-96.87687342622775,33.21853110462217,-96.87687342622775,33.21853110462217,-96.8769032128647,33.21848005584465,-96.8769032128647,33.21850558023341             ,-96.87688831954623            ,                                                            ,                                                                                                    
U 9                           ,                              ,                              ,                              ,33.21848005584465,-96.87684363959079,33.21853110462217,-96.87684363959079,33.21853110462217,-96.87687342622775,33.21848005584465,-96.87687342622775,33.21850558023341             ,-96.87685853290927            ,                                                            ,                                                                                                    
U 8                           ,                              ,                              ,                              ,33.21848005584465,-96.87681385295384,33.21853110462217,-96.87681385295384,33.21853110462217,-96.87684363959079,33.21848005584465,-96.87684363959079,33.21850558023341             ,-96.87682874627231            ,                                                            ,                                                                                                    
U 7                           ,                              ,                              ,                              ,33.21848005584465,-96.87678406631689,33.21853110462217,-96.87678406631689,33.21853110462217,-96.87681385295384,33.21848005584465,-96.87681385295384,33.21850558023341             ,-96.87679895963537            ,                                                            ,                                                                                                    
U 6                           ,                              ,                              ,                              ,33.21848005584465,-96.87675427967993,33.21853110462217,-96.87675427967993,33.21853110462217,-96.87678406631689,33.21848005584465,-96.87678406631689,33.21850558023341             ,-96.87676917299841            ,                                                            ,                                                                                                    
U 5                           ,                              ,                              ,                              ,33.21848005584465,-96.87672449304297,33.21853110462217,-96.87672449304297,33.21853110462217,-96.87675427967993,33.21848005584465,-96.87675427967993,33.21850558023341             ,-96.87673938636145            ,                                                            ,                                                                                                    
U 4                           ,                              ,                              ,                              ,33.21848005584465,-96.87669470640601,33.21853110462217,-96.87669470640601,33.21853110462217,-96.87672449304297,33.21848005584465,-96.87672449304297,33.21850558023341             ,-96.87670959972449            ,                                                            ,                                                                                                    
U 3                           ,                              ,                              ,                              ,33.21848005584465,-96.87666491976907,33.21853110462217,-96.87666491976907,33.21853110462217,-96.87669470640601,33.21848005584465,-96.87669470640601,33.21850558023341             ,-96.87667981308753            ,                                                            ,                                                                                                    
U 2                           ,                              ,                              ,                              ,33.21848005584465,-96.87663513313211,33.21853110462217,-96.87663513313211,33.21853110462217,-96.87666491976907,33.21848005584465,-96.87666491976907,33.21850558023341             ,-96.87665002645059            ,                                                            ,                                                                                                    
U 1                           ,                              ,                              ,                              ,33.21848005584465,-96.87660534649515,33.21853110462217,-96.87660534649515,33.21853110462217,-96.87663513313211,33.21848005584465,-96.87663513313211,33.21850558023341             ,-96.87662023981363            ,                                                            ,                                                                                                    
P 300                         ,                              ,                              ,                              ,33.21779654144229,-96.878108724648,33.21779654144229,-96.87804099887038,33.21783044352496,-96.87804099887038,33.21783044352496,-96.878108724648,33.21781349248363             ,-96.87807486175919            ,                                                            ,                                                                                                    
P 299                         ,                              ,                              ,                              ,33.21776263935962,-96.878108724648,33.21776263935962,-96.87804099887038,33.21779654144229,-96.87804099887038,33.21779654144229,-96.878108724648,33.21777959040095             ,-96.87807486175919            ,                                                            ,                                                                                                    
P 298                         ,                              ,                              ,                              ,33.21772873727695,-96.878108724648,33.21772873727695,-96.87804099887038,33.21776263935962,-96.87804099887038,33.21776263935962,-96.878108724648,33.21774568831829             ,-96.87807486175919            ,                                                            ,                                                                                                    
P 297                         ,                              ,                              ,                              ,33.21769483519428,-96.878108724648,33.21769483519428,-96.87804099887038,33.21772873727695,-96.87804099887038,33.21772873727695,-96.878108724648,33.21771178623562             ,-96.87807486175919            ,                                                            ,                                                                                                    
P 296                         ,                              ,                              ,                              ,33.21766093311161,-96.878108724648,33.21766093311161,-96.87804099887038,33.21769483519428,-96.87804099887038,33.21769483519428,-96.878108724648,33.21767788415295             ,-96.87807486175919            ,                                                            ,                                                                                                    
P 295                         ,                              ,                              ,                              ,33.21762703102893,-96.878108724648,33.21762703102893,-96.87804099887038,33.21766093311161,-96.87804099887038,33.21766093311161,-96.878108724648,33.21764398207027             ,-96.87807486175919            ,                                                            ,                                                                                                    
P 294                         ,                              ,                              ,                              ,33.21759312894626,-96.878108724648,33.21759312894626,-96.87804099887038,33.21762703102893,-96.87804099887038,33.21762703102893,-96.878108724648,33.2176100799876              ,-96.87807486175919            ,                                                            ,                                                                                                    
P 293                         ,                              ,                              ,                              ,33.21755922686359,-96.878108724648,33.21755922686359,-96.87804099887038,33.21759312894626,-96.87804099887038,33.21759312894626,-96.878108724648,33.21757617790493             ,-96.87807486175919            ,                                                            ,                                                                                                    
P 292                         ,                              ,                              ,                              ,33.21752532478092,-96.878108724648,33.21752532478092,-96.87804099887038,33.21755922686359,-96.87804099887038,33.21755922686359,-96.878108724648,33.217542275822254            ,-96.87807486175919            ,                                                            ,                                                                                                    
P 291                         ,                              ,                              ,                              ,33.21749142269825,-96.878108724648,33.21749142269825,-96.87804099887038,33.21752532478092,-96.87804099887038,33.21752532478092,-96.878108724648,33.21750837373959             ,-96.87807486175919            ,                                                            ,                                                                                                    
P 290                         ,                              ,                              ,                              ,33.21745752061558,-96.878108724648,33.21745752061558,-96.87804099887038,33.21749142269825,-96.87804099887038,33.21749142269825,-96.878108724648,33.21747447165692             ,-96.87807486175919            ,                                                            ,                                                                                                    
P 289                         ,                              ,                              ,                              ,33.21742361853291,-96.878108724648,33.21742361853291,-96.87804099887038,33.21745752061558,-96.87804099887038,33.21745752061558,-96.878108724648,33.21744056957425             ,-96.87807486175919            ,                                                            ,                                                                                                    
P 288                         ,                              ,                              ,                              ,33.21738971645024,-96.878108724648,33.21738971645024,-96.87804099887038,33.21742361853291,-96.87804099887038,33.21742361853291,-96.878108724648,33.217406667491574            ,-96.87807486175919            ,                                                            ,                                                                                                    
P 287                         ,                              ,                              ,                              ,33.21735581436757,-96.878108724648,33.21735581436757,-96.87804099887038,33.21738971645024,-96.87804099887038,33.21738971645024,-96.878108724648,33.21737276540891             ,-96.87807486175919            ,                                                            ,                                                                                                    
P 286                         ,                              ,                              ,                              ,33.2173219122849,-96.878108724648,33.2173219122849,-96.87804099887038,33.21735581436757,-96.87804099887038,33.21735581436757,-96.878108724648,33.21733886332624             ,-96.87807486175919            ,                                                            ,                                                                                                    
P 285                         ,                              ,                              ,                              ,33.217288010202225,-96.878108724648,33.217288010202225,-96.87804099887038,33.2173219122849,-96.87804099887038,33.2173219122849,-96.878108724648,33.21730496124356             ,-96.87807486175919            ,                                                            ,                                                                                                    
P 284                         ,                              ,                              ,                              ,33.217254108119555,-96.878108724648,33.217254108119555,-96.87804099887038,33.217288010202225,-96.87804099887038,33.217288010202225,-96.878108724648,33.21727105916089             ,-96.87807486175919            ,                                                            ,                                                                                                    
P 283                         ,                              ,                              ,                              ,33.217220206036885,-96.878108724648,33.217220206036885,-96.87804099887038,33.217254108119555,-96.87804099887038,33.217254108119555,-96.878108724648,33.21723715707822             ,-96.87807486175919            ,                                                            ,                                                                                                    
P 282                         ,                              ,                              ,                              ,33.217186303954215,-96.878108724648,33.217186303954215,-96.87804099887038,33.217220206036885,-96.87804099887038,33.217220206036885,-96.878108724648,33.21720325499555             ,-96.87807486175919            ,                                                            ,                                                                                                    
P 281                         ,                              ,                              ,                              ,33.217152401871544,-96.878108724648,33.217152401871544,-96.87804099887038,33.217186303954215,-96.87804099887038,33.217186303954215,-96.878108724648,33.217169352912876            ,-96.87807486175919            ,                                                            ,                                                                                                    
P 280                         ,                              ,                              ,                              ,33.217118499788874,-96.878108724648,33.217118499788874,-96.87804099887038,33.217152401871544,-96.87804099887038,33.217152401871544,-96.878108724648,33.21713545083021             ,-96.87807486175919            ,                                                            ,                                                                                                    
P 279                         ,                              ,                              ,                              ,33.217084597706204,-96.878108724648,33.217084597706204,-96.87804099887038,33.217118499788874,-96.87804099887038,33.217118499788874,-96.878108724648,33.21710154874754             ,-96.87807486175919            ,                                                            ,                                                                                                    
P 278                         ,                              ,                              ,                              ,33.217050695623534,-96.878108724648,33.217050695623534,-96.87804099887038,33.217084597706204,-96.87804099887038,33.217084597706204,-96.878108724648,33.21706764666487             ,-96.87807486175919            ,                                                            ,                                                                                                    
P 277                         ,                              ,                              ,                              ,33.217016793540864,-96.878108724648,33.217016793540864,-96.87804099887038,33.217050695623534,-96.87804099887038,33.217050695623534,-96.878108724648,33.217033744582196            ,-96.87807486175919            ,                                                            ,                                                                                                    
P 276                         ,                              ,                              ,                              ,33.21698289145819,-96.878108724648,33.21698289145819,-96.87804099887038,33.217016793540864,-96.87804099887038,33.217016793540864,-96.878108724648,33.216999842499526            ,-96.87807486175919            ,                                                            ,                                                                                                    
P 275                         ,                              ,                              ,                              ,33.21694898937552,-96.878108724648,33.21694898937552,-96.87804099887038,33.21698289145819,-96.87804099887038,33.21698289145819,-96.878108724648,33.216965940416856            ,-96.87807486175919            ,                                                            ,                                                                                                    
P 274                         ,                              ,                              ,                              ,33.21691508729285,-96.878108724648,33.21691508729285,-96.87804099887038,33.21694898937552,-96.87804099887038,33.21694898937552,-96.878108724648,33.21693203833418             ,-96.87807486175919            ,                                                            ,                                                                                                    
P 273                         ,                              ,                              ,                              ,33.21688118521018,-96.878108724648,33.21688118521018,-96.87804099887038,33.21691508729285,-96.87804099887038,33.21691508729285,-96.878108724648,33.216898136251515            ,-96.87807486175919            ,                                                            ,                                                                                                    
P 272                         ,                              ,                              ,                              ,33.21684728312751,-96.878108724648,33.21684728312751,-96.87804099887038,33.21688118521018,-96.87804099887038,33.21688118521018,-96.878108724648,33.216864234168845            ,-96.87807486175919            ,                                                            ,                                                                                                    
P 271                         ,                              ,                              ,                              ,33.21681338104484,-96.878108724648,33.21681338104484,-96.87804099887038,33.21684728312751,-96.87804099887038,33.21684728312751,-96.878108724648,33.216830332086175            ,-96.87807486175919            ,                                                            ,                                                                                                    
P 270                         ,                              ,                              ,                              ,33.21780089838631,-96.87803831666136,33.21780089838631,-96.87795248597288,33.217834931364074,-96.87795248597288,33.217834931364074,-96.87803831666136,33.21781791487519             ,-96.87799540131712            ,                                                            ,                                                                                                    
P 269                         ,                              ,                              ,                              ,33.21776686540854,-96.87803831666136,33.21776686540854,-96.87795248597288,33.21780089838631,-96.87795248597288,33.21780089838631,-96.87803831666136,33.217783881897425            ,-96.87799540131712            ,                                                            ,                                                                                                    
P 268                         ,                              ,                              ,                              ,33.21773283243077,-96.87803831666136,33.21773283243077,-96.87795248597288,33.21776686540854,-96.87795248597288,33.21776686540854,-96.87803831666136,33.21774984891966             ,-96.87799540131712            ,                                                            ,                                                                                                    
P 267                         ,                              ,                              ,                              ,33.217698799453004,-96.87803831666136,33.217698799453004,-96.87795248597288,33.21773283243077,-96.87795248597288,33.21773283243077,-96.87803831666136,33.21771581594189             ,-96.87799540131712            ,                                                            ,                                                                                                    
P 266                         ,                              ,                              ,                              ,33.21766476647524,-96.87803831666136,33.21766476647524,-96.87795248597288,33.217698799453004,-96.87795248597288,33.217698799453004,-96.87803831666136,33.21768178296412             ,-96.87799540131712            ,                                                            ,                                                                                                    
P 265                         ,                              ,                              ,                              ,33.21763073349747,-96.87803831666136,33.21763073349747,-96.87795248597288,33.21766476647524,-96.87795248597288,33.21766476647524,-96.87803831666136,33.217647749986355            ,-96.87799540131712            ,                                                            ,                                                                                                    
P 264                         ,                              ,                              ,                              ,33.2175967005197,-96.87803831666136,33.2175967005197,-96.87795248597288,33.21763073349747,-96.87795248597288,33.21763073349747,-96.87803831666136,33.21761371700859             ,-96.87799540131712            ,                                                            ,                                                                                                    
P 263                         ,                              ,                              ,                              ,33.217562667541934,-96.87803831666136,33.217562667541934,-96.87795248597288,33.2175967005197,-96.87795248597288,33.2175967005197,-96.87803831666136,33.21757968403082             ,-96.87799540131712            ,                                                            ,                                                                                                    
P 262                         ,                              ,                              ,                              ,33.21752863456417,-96.87803831666136,33.21752863456417,-96.87795248597288,33.217562667541934,-96.87795248597288,33.217562667541934,-96.87803831666136,33.21754565105305             ,-96.87799540131712            ,                                                            ,                                                                                                    
P 261                         ,                              ,                              ,                              ,33.2174946015864,-96.87803831666136,33.2174946015864,-96.87795248597288,33.21752863456417,-96.87795248597288,33.21752863456417,-96.87803831666136,33.217511618075285            ,-96.87799540131712            ,                                                            ,                                                                                                    
P 260                         ,                              ,                              ,                              ,33.21746056860863,-96.87803831666136,33.21746056860863,-96.87795248597288,33.2174946015864,-96.87795248597288,33.2174946015864,-96.87803831666136,33.21747758509751             ,-96.87799540131712            ,                                                            ,                                                                                                    
P 259                         ,                              ,                              ,                              ,33.217426535630864,-96.87803831666136,33.217426535630864,-96.87795248597288,33.21746056860863,-96.87795248597288,33.21746056860863,-96.87803831666136,33.21744355211975             ,-96.87799540131712            ,                                                            ,                                                                                                    
P 258                         ,                              ,                              ,                              ,33.2173925026531,-96.87803831666136,33.2173925026531,-96.87795248597288,33.217426535630864,-96.87795248597288,33.217426535630864,-96.87803831666136,33.21740951914198             ,-96.87799540131712            ,                                                            ,                                                                                                    
P 257                         ,                              ,                              ,                              ,33.21735846967533,-96.87803831666136,33.21735846967533,-96.87795248597288,33.2173925026531,-96.87795248597288,33.2173925026531,-96.87803831666136,33.217375486164215            ,-96.87799540131712            ,                                                            ,                                                                                                    
P 256                         ,                              ,                              ,                              ,33.21732443669757,-96.87803831666136,33.21732443669757,-96.87795248597288,33.21735846967533,-96.87795248597288,33.21735846967533,-96.87803831666136,33.21734145318645             ,-96.87799540131712            ,                                                            ,                                                                                                    
P 255                         ,                              ,                              ,                              ,33.217290403719794,-96.87803831666136,33.217290403719794,-96.87795248597288,33.21732443669757,-96.87795248597288,33.21732443669757,-96.87803831666136,33.217307420208684            ,-96.87799540131712            ,                                                            ,                                                                                                    
P 254                         ,                              ,                              ,                              ,33.21725637074203,-96.87803831666136,33.21725637074203,-96.87795248597288,33.217290403719794,-96.87795248597288,33.217290403719794,-96.87803831666136,33.21727338723091             ,-96.87799540131712            ,                                                            ,                                                                                                    
P 253                         ,                              ,                              ,                              ,33.21722233776426,-96.87803831666136,33.21722233776426,-96.87795248597288,33.21725637074203,-96.87795248597288,33.21725637074203,-96.87803831666136,33.217239354253145            ,-96.87799540131712            ,                                                            ,                                                                                                    
P 252                         ,                              ,                              ,                              ,33.2171883047865,-96.87803831666136,33.2171883047865,-96.87795248597288,33.21722233776426,-96.87795248597288,33.21722233776426,-96.87803831666136,33.21720532127538             ,-96.87799540131712            ,                                                            ,                                                                                                    
P 251                         ,                              ,                              ,                              ,33.217154271808724,-96.87803831666136,33.217154271808724,-96.87795248597288,33.2171883047865,-96.87795248597288,33.2171883047865,-96.87803831666136,33.217171288297614            ,-96.87799540131712            ,                                                            ,                                                                                                    
P 250                         ,                              ,                              ,                              ,33.21712023883096,-96.87803831666136,33.21712023883096,-96.87795248597288,33.217154271808724,-96.87795248597288,33.217154271808724,-96.87803831666136,33.21713725531984             ,-96.87799540131712            ,                                                            ,                                                                                                    
P 249                         ,                              ,                              ,                              ,33.21708620585319,-96.87803831666136,33.21708620585319,-96.87795248597288,33.21712023883096,-96.87795248597288,33.21712023883096,-96.87803831666136,33.217103222342075            ,-96.87799540131712            ,                                                            ,                                                                                                    
P 248                         ,                              ,                              ,                              ,33.21705217287543,-96.87803831666136,33.21705217287543,-96.87795248597288,33.21708620585319,-96.87795248597288,33.21708620585319,-96.87803831666136,33.21706918936431             ,-96.87799540131712            ,                                                            ,                                                                                                    
P 247                         ,                              ,                              ,                              ,33.217018139897654,-96.87803831666136,33.217018139897654,-96.87795248597288,33.21705217287543,-96.87795248597288,33.21705217287543,-96.87803831666136,33.217035156386544            ,-96.87799540131712            ,                                                            ,                                                                                                    
P 246                         ,                              ,                              ,                              ,33.21698410691989,-96.87803831666136,33.21698410691989,-96.87795248597288,33.217018139897654,-96.87795248597288,33.217018139897654,-96.87803831666136,33.21700112340877             ,-96.87799540131712            ,                                                            ,                                                                                                    
P 245                         ,                              ,                              ,                              ,33.21695007394212,-96.87803831666136,33.21695007394212,-96.87795248597288,33.21698410691989,-96.87795248597288,33.21698410691989,-96.87803831666136,33.216967090431005            ,-96.87799540131712            ,                                                            ,                                                                                                    
P 244                         ,                              ,                              ,                              ,33.21691604096436,-96.87803831666136,33.21691604096436,-96.87795248597288,33.21695007394212,-96.87795248597288,33.21695007394212,-96.87803831666136,33.21693305745324             ,-96.87799540131712            ,                                                            ,                                                                                                    
P 243                         ,                              ,                              ,                              ,33.216882007986584,-96.87803831666136,33.216882007986584,-96.87795248597288,33.21691604096436,-96.87795248597288,33.21691604096436,-96.87803831666136,33.21689902447547             ,-96.87799540131712            ,                                                            ,                                                                                                    
P 242                         ,                              ,                              ,                              ,33.21684797500882,-96.87803831666136,33.21684797500882,-96.87795248597288,33.216882007986584,-96.87795248597288,33.216882007986584,-96.87803831666136,33.2168649914977              ,-96.87799540131712            ,                                                            ,                                                                                                    
P 241                         ,                              ,                              ,                              ,33.21681394203105,-96.87803831666136,33.21681394203105,-96.87795248597288,33.21684797500882,-96.87795248597288,33.21684797500882,-96.87803831666136,33.216830958519935            ,-96.87799540131712            ,                                                            ,                                                                                                    
P 240                         ,                              ,                              ,                              ,33.217793007265335,-96.87714111774588,33.217793007265335,-96.87707942693854,33.217827077645254,-96.87707942693854,33.217827077645254,-96.87714111774588,33.2178100424553              ,-96.87711027234221            ,                                                            ,                                                                                                    
P 239                         ,                              ,                              ,                              ,33.21775893688542,-96.87714111774588,33.21775893688542,-96.87707942693854,33.217793007265335,-96.87707942693854,33.217793007265335,-96.87714111774588,33.21777597207537             ,-96.87711027234221            ,                                                            ,                                                                                                    
P 238                         ,                              ,                              ,                              ,33.217724866505506,-96.87714111774588,33.217724866505506,-96.87707942693854,33.21775893688542,-96.87707942693854,33.21775893688542,-96.87714111774588,33.21774190169546             ,-96.87711027234221            ,                                                            ,                                                                                                    
P 237                         ,                              ,                              ,                              ,33.21769079612559,-96.87714111774588,33.21769079612559,-96.87707942693854,33.217724866505506,-96.87707942693854,33.217724866505506,-96.87714111774588,33.21770783131555             ,-96.87711027234221            ,                                                            ,                                                                                                    
P 236                         ,                              ,                              ,                              ,33.21765672574567,-96.87714111774588,33.21765672574567,-96.87707942693854,33.21769079612559,-96.87707942693854,33.21769079612559,-96.87714111774588,33.21767376093563             ,-96.87711027234221            ,                                                            ,                                                                                                    
P 235                         ,                              ,                              ,                              ,33.21762265536575,-96.87714111774588,33.21762265536575,-96.87707942693854,33.21765672574567,-96.87707942693854,33.21765672574567,-96.87714111774588,33.217639690555714            ,-96.87711027234221            ,                                                            ,                                                                                                    
P 234                         ,                              ,                              ,                              ,33.21758858498584,-96.87714111774588,33.21758858498584,-96.87707942693854,33.21762265536575,-96.87707942693854,33.21762265536575,-96.87714111774588,33.217605620175796            ,-96.87711027234221            ,                                                            ,                                                                                                    
P 233                         ,                              ,                              ,                              ,33.21755451460592,-96.87714111774588,33.21755451460592,-96.87707942693854,33.21758858498584,-96.87707942693854,33.21758858498584,-96.87714111774588,33.21757154979588             ,-96.87711027234221            ,                                                            ,                                                                                                    
P 232                         ,                              ,                              ,                              ,33.217520444226004,-96.87714111774588,33.217520444226004,-96.87707942693854,33.21755451460592,-96.87707942693854,33.21755451460592,-96.87714111774588,33.21753747941597             ,-96.87711027234221            ,                                                            ,                                                                                                    
P 231                         ,                              ,                              ,                              ,33.217486373846086,-96.87714111774588,33.217486373846086,-96.87707942693854,33.217520444226004,-96.87707942693854,33.217520444226004,-96.87714111774588,33.21750340903605             ,-96.87711027234221            ,                                                            ,                                                                                                    
P 230                         ,                              ,                              ,                              ,33.217452303466175,-96.87714111774588,33.217452303466175,-96.87707942693854,33.217486373846086,-96.87707942693854,33.217486373846086,-96.87714111774588,33.21746933865613             ,-96.87711027234221            ,                                                            ,                                                                                                    
P 229                         ,                              ,                              ,                              ,33.217418233086256,-96.87714111774588,33.217418233086256,-96.87707942693854,33.217452303466175,-96.87707942693854,33.217452303466175,-96.87714111774588,33.21743526827622             ,-96.87711027234221            ,                                                            ,                                                                                                    
P 228                         ,                              ,                              ,                              ,33.21738416270634,-96.87714111774588,33.21738416270634,-96.87707942693854,33.217418233086256,-96.87707942693854,33.217418233086256,-96.87714111774588,33.217401197896294            ,-96.87711027234221            ,                                                            ,                                                                                                    
P 227                         ,                              ,                              ,                              ,33.21735009232642,-96.87714111774588,33.21735009232642,-96.87707942693854,33.21738416270634,-96.87707942693854,33.21738416270634,-96.87714111774588,33.21736712751638             ,-96.87711027234221            ,                                                            ,                                                                                                    
P 226                         ,                              ,                              ,                              ,33.2173160219465,-96.87714111774588,33.2173160219465,-96.87707942693854,33.21735009232642,-96.87707942693854,33.21735009232642,-96.87714111774588,33.217333057136464            ,-96.87711027234221            ,                                                            ,                                                                                                    
P 225                         ,                              ,                              ,                              ,33.21728195156659,-96.87714111774588,33.21728195156659,-96.87707942693854,33.2173160219465,-96.87707942693854,33.2173160219465,-96.87714111774588,33.217298986756546            ,-96.87711027234221            ,                                                            ,                                                                                                    
P 224                         ,                              ,                              ,                              ,33.21724788118667,-96.87714111774588,33.21724788118667,-96.87707942693854,33.21728195156659,-96.87707942693854,33.21728195156659,-96.87714111774588,33.217264916376635            ,-96.87711027234221            ,                                                            ,                                                                                                    
P 223                         ,                              ,                              ,                              ,33.217213810806754,-96.87714111774588,33.217213810806754,-96.87707942693854,33.21724788118667,-96.87707942693854,33.21724788118667,-96.87714111774588,33.21723084599671             ,-96.87711027234221            ,                                                            ,                                                                                                    
P 222                         ,                              ,                              ,                              ,33.217179740426836,-96.87714111774588,33.217179740426836,-96.87707942693854,33.217213810806754,-96.87707942693854,33.217213810806754,-96.87714111774588,33.2171967756168              ,-96.87711027234221            ,                                                            ,                                                                                                    
P 221                         ,                              ,                              ,                              ,33.217145670046925,-96.87714111774588,33.217145670046925,-96.87707942693854,33.217179740426836,-96.87707942693854,33.217179740426836,-96.87714111774588,33.21716270523688             ,-96.87711027234221            ,                                                            ,                                                                                                    
P 220                         ,                              ,                              ,                              ,33.21711159966701,-96.87714111774588,33.21711159966701,-96.87707942693854,33.217145670046925,-96.87707942693854,33.217145670046925,-96.87714111774588,33.21712863485697             ,-96.87711027234221            ,                                                            ,                                                                                                    
P 219                         ,                              ,                              ,                              ,33.21707752928709,-96.87714111774588,33.21707752928709,-96.87707942693854,33.21711159966701,-96.87707942693854,33.21711159966701,-96.87714111774588,33.21709456447705             ,-96.87711027234221            ,                                                            ,                                                                                                    
P 218                         ,                              ,                              ,                              ,33.21704345890717,-96.87714111774588,33.21704345890717,-96.87707942693854,33.21707752928709,-96.87707942693854,33.21707752928709,-96.87714111774588,33.217060494097126            ,-96.87711027234221            ,                                                            ,                                                                                                    
P 217                         ,                              ,                              ,                              ,33.21700938852726,-96.87714111774588,33.21700938852726,-96.87707942693854,33.21704345890717,-96.87707942693854,33.21704345890717,-96.87714111774588,33.217026423717215            ,-96.87711027234221            ,                                                            ,                                                                                                    
P 216                         ,                              ,                              ,                              ,33.21697531814734,-96.87714111774588,33.21697531814734,-96.87707942693854,33.21700938852726,-96.87707942693854,33.21700938852726,-96.87714111774588,33.216992353337304            ,-96.87711027234221            ,                                                            ,                                                                                                    
P 215                         ,                              ,                              ,                              ,33.21694124776742,-96.87714111774588,33.21694124776742,-96.87707942693854,33.21697531814734,-96.87707942693854,33.21697531814734,-96.87714111774588,33.216958282957386            ,-96.87711027234221            ,                                                            ,                                                                                                    
P 214                         ,                              ,                              ,                              ,33.216907177387505,-96.87714111774588,33.216907177387505,-96.87707942693854,33.21694124776742,-96.87707942693854,33.21694124776742,-96.87714111774588,33.21692421257747             ,-96.87711027234221            ,                                                            ,                                                                                                    
P 213                         ,                              ,                              ,                              ,33.21687310700759,-96.87714111774588,33.21687310700759,-96.87707942693854,33.216907177387505,-96.87707942693854,33.216907177387505,-96.87714111774588,33.21689014219755             ,-96.87711027234221            ,                                                            ,                                                                                                    
P 212                         ,                              ,                              ,                              ,33.216839036627675,-96.87714111774588,33.216839036627675,-96.87707942693854,33.21687310700759,-96.87707942693854,33.21687310700759,-96.87714111774588,33.21685607181763             ,-96.87711027234221            ,                                                            ,                                                                                                    
P 211                         ,                              ,                              ,                              ,33.21680496624776,-96.87714111774588,33.21680496624776,-96.87707942693854,33.216839036627675,-96.87707942693854,33.216839036627675,-96.87714111774588,33.21682200143772             ,-96.87711027234221            ,                                                            ,                                                                                                    
P 210                         ,                              ,                              ,                              ,33.21684195375476,-96.87715586989546,33.21684195375476,-96.87724438279295,33.21680777117995,-96.87724438279295,33.21680777117995,-96.87715586989546,33.216824862467355            ,-96.8772001263442             ,                                                            ,                                                                                                    
P 209                         ,                              ,                              ,                              ,33.21687613632957,-96.87715586989546,33.21687613632957,-96.87724438279295,33.21684195375476,-96.87724438279295,33.21684195375476,-96.87715586989546,33.21685904504216             ,-96.8772001263442             ,                                                            ,                                                                                                    
P 208                         ,                              ,                              ,                              ,33.216910318904375,-96.87715586989546,33.216910318904375,-96.87724438279295,33.21687613632957,-96.87724438279295,33.21687613632957,-96.87715586989546,33.21689322761697             ,-96.8772001263442             ,                                                            ,                                                                                                    
P 207                         ,                              ,                              ,                              ,33.21694450147918,-96.87715586989546,33.21694450147918,-96.87724438279295,33.216910318904375,-96.87724438279295,33.216910318904375,-96.87715586989546,33.21692741019178             ,-96.8772001263442             ,                                                            ,                                                                                                    
P 206                         ,                              ,                              ,                              ,33.21697868405399,-96.87715586989546,33.21697868405399,-96.87724438279295,33.21694450147918,-96.87724438279295,33.21694450147918,-96.87715586989546,33.21696159276659             ,-96.8772001263442             ,                                                            ,                                                                                                    
P 205                         ,                              ,                              ,                              ,33.2170128666288,-96.87715586989546,33.2170128666288,-96.87724438279295,33.21697868405399,-96.87724438279295,33.21697868405399,-96.87715586989546,33.216995775341395            ,-96.8772001263442             ,                                                            ,                                                                                                    
P 204                         ,                              ,                              ,                              ,33.21704704920361,-96.87715586989546,33.21704704920361,-96.87724438279295,33.2170128666288,-96.87724438279295,33.2170128666288,-96.87715586989546,33.2170299579162              ,-96.8772001263442             ,                                                            ,                                                                                                    
P 203                         ,                              ,                              ,                              ,33.217081231778415,-96.87715586989546,33.217081231778415,-96.87724438279295,33.21704704920361,-96.87724438279295,33.21704704920361,-96.87715586989546,33.21706414049101             ,-96.8772001263442             ,                                                            ,                                                                                                    
P 202                         ,                              ,                              ,                              ,33.21711541435322,-96.87715586989546,33.21711541435322,-96.87724438279295,33.217081231778415,-96.87724438279295,33.217081231778415,-96.87715586989546,33.21709832306582             ,-96.8772001263442             ,                                                            ,                                                                                                    
P 201                         ,                              ,                              ,                              ,33.21714959692803,-96.87715586989546,33.21714959692803,-96.87724438279295,33.21711541435322,-96.87724438279295,33.21711541435322,-96.87715586989546,33.21713250564063             ,-96.8772001263442             ,                                                            ,                                                                                                    
P 200                         ,                              ,                              ,                              ,33.21718377950284,-96.87715586989546,33.21718377950284,-96.87724438279295,33.21714959692803,-96.87724438279295,33.21714959692803,-96.87715586989546,33.217166688215435            ,-96.8772001263442             ,                                                            ,                                                                                                    
P 199                         ,                              ,                              ,                              ,33.21721796207765,-96.87715586989546,33.21721796207765,-96.87724438279295,33.21718377950284,-96.87724438279295,33.21718377950284,-96.87715586989546,33.21720087079024             ,-96.8772001263442             ,                                                            ,                                                                                                    
P 198                         ,                              ,                              ,                              ,33.217252144652456,-96.87715586989546,33.217252144652456,-96.87724438279295,33.21721796207765,-96.87724438279295,33.21721796207765,-96.87715586989546,33.21723505336505             ,-96.8772001263442             ,                                                            ,                                                                                                    
P 197                         ,                              ,                              ,                              ,33.217286327227264,-96.87715586989546,33.217286327227264,-96.87724438279295,33.217252144652456,-96.87724438279295,33.217252144652456,-96.87715586989546,33.21726923593986             ,-96.8772001263442             ,                                                            ,                                                                                                    
P 196                         ,                              ,                              ,                              ,33.21732050980208,-96.87715586989546,33.21732050980208,-96.87724438279295,33.217286327227264,-96.87724438279295,33.217286327227264,-96.87715586989546,33.217303418514675            ,-96.8772001263442             ,                                                            ,                                                                                                    
P 195                         ,                              ,                              ,                              ,33.21735469237689,-96.87715586989546,33.21735469237689,-96.87724438279295,33.21732050980208,-96.87724438279295,33.21732050980208,-96.87715586989546,33.21733760108948             ,-96.8772001263442             ,                                                            ,                                                                                                    
P 194                         ,                              ,                              ,                              ,33.217388874951695,-96.87715586989546,33.217388874951695,-96.87724438279295,33.21735469237689,-96.87724438279295,33.21735469237689,-96.87715586989546,33.21737178366429             ,-96.8772001263442             ,                                                            ,                                                                                                    
P 193                         ,                              ,                              ,                              ,33.2174230575265,-96.87715586989546,33.2174230575265,-96.87724438279295,33.217388874951695,-96.87724438279295,33.217388874951695,-96.87715586989546,33.2174059662391              ,-96.8772001263442             ,                                                            ,                                                                                                    
P 192                         ,                              ,                              ,                              ,33.21745724010131,-96.87715586989546,33.21745724010131,-96.87724438279295,33.2174230575265,-96.87724438279295,33.2174230575265,-96.87715586989546,33.21744014881391             ,-96.8772001263442             ,                                                            ,                                                                                                    
P 191                         ,                              ,                              ,                              ,33.21749142267612,-96.87715586989546,33.21749142267612,-96.87724438279295,33.21745724010131,-96.87724438279295,33.21745724010131,-96.87715586989546,33.217474331388715            ,-96.8772001263442             ,                                                            ,                                                                                                    
P 190                         ,                              ,                              ,                              ,33.21752560525093,-96.87715586989546,33.21752560525093,-96.87724438279295,33.21749142267612,-96.87724438279295,33.21749142267612,-96.87715586989546,33.21750851396352             ,-96.8772001263442             ,                                                            ,                                                                                                    
P 189                         ,                              ,                              ,                              ,33.217559787825735,-96.87715586989546,33.217559787825735,-96.87724438279295,33.21752560525093,-96.87724438279295,33.21752560525093,-96.87715586989546,33.21754269653833             ,-96.8772001263442             ,                                                            ,                                                                                                    
P 188                         ,                              ,                              ,                              ,33.21759397040054,-96.87715586989546,33.21759397040054,-96.87724438279295,33.217559787825735,-96.87724438279295,33.217559787825735,-96.87715586989546,33.21757687911314             ,-96.8772001263442             ,                                                            ,                                                                                                    
P 187                         ,                              ,                              ,                              ,33.21762815297535,-96.87715586989546,33.21762815297535,-96.87724438279295,33.21759397040054,-96.87724438279295,33.21759397040054,-96.87715586989546,33.21761106168795             ,-96.8772001263442             ,                                                            ,                                                                                                    
P 186                         ,                              ,                              ,                              ,33.21766233555016,-96.87715586989546,33.21766233555016,-96.87724438279295,33.21762815297535,-96.87724438279295,33.21762815297535,-96.87715586989546,33.217645244262755            ,-96.8772001263442             ,                                                            ,                                                                                                    
P 185                         ,                              ,                              ,                              ,33.21769651812497,-96.87715586989546,33.21769651812497,-96.87724438279295,33.21766233555016,-96.87724438279295,33.21766233555016,-96.87715586989546,33.21767942683756             ,-96.8772001263442             ,                                                            ,                                                                                                    
P 184                         ,                              ,                              ,                              ,33.217730700699775,-96.87715586989546,33.217730700699775,-96.87724438279295,33.21769651812497,-96.87724438279295,33.21769651812497,-96.87715586989546,33.21771360941237             ,-96.8772001263442             ,                                                            ,                                                                                                    
P 183                         ,                              ,                              ,                              ,33.21776488327458,-96.87715586989546,33.21776488327458,-96.87724438279295,33.217730700699775,-96.87724438279295,33.217730700699775,-96.87715586989546,33.21774779198718             ,-96.8772001263442             ,                                                            ,                                                                                                    
P 182                         ,                              ,                              ,                              ,33.21779906584939,-96.87715586989546,33.21779906584939,-96.87724438279295,33.21776488327458,-96.87724438279295,33.21776488327458,-96.87715586989546,33.21778197456199             ,-96.8772001263442             ,                                                            ,                                                                                                    
P 181                         ,                              ,                              ,                              ,33.2178332484242,-96.87715586989546,33.2178332484242,-96.87724438279295,33.21779906584939,-96.87724438279295,33.21779906584939,-96.87715586989546,33.217816157136795            ,-96.8772001263442             ,                                                            ,                                                                                                    
P 180                         ,                              ,                              ,                              ,33.216839784607075,-96.87728729813719,33.216839784607075,-96.87735971778059,33.21680552723407,-96.87735971778059,33.21680552723407,-96.87728729813719,33.21682265592057             ,-96.87732350795889            ,                                                            ,                                                                                                    
P 179                         ,                              ,                              ,                              ,33.216874041980084,-96.87728729813719,33.216874041980084,-96.87735971778059,33.216839784607075,-96.87735971778059,33.216839784607075,-96.87728729813719,33.21685691329358             ,-96.87732350795889            ,                                                            ,                                                                                                    
P 178                         ,                              ,                              ,                              ,33.216908299353086,-96.87728729813719,33.216908299353086,-96.87735971778059,33.216874041980084,-96.87735971778059,33.216874041980084,-96.87728729813719,33.216891170666585            ,-96.87732350795889            ,                                                            ,                                                                                                    
P 177                         ,                              ,                              ,                              ,33.21694255672609,-96.87728729813719,33.21694255672609,-96.87735971778059,33.216908299353086,-96.87735971778059,33.216908299353086,-96.87728729813719,33.21692542803959             ,-96.87732350795889            ,                                                            ,                                                                                                    
P 176                         ,                              ,                              ,                              ,33.21697681409909,-96.87728729813719,33.21697681409909,-96.87735971778059,33.21694255672609,-96.87735971778059,33.21694255672609,-96.87728729813719,33.21695968541259             ,-96.87732350795889            ,                                                            ,                                                                                                    
P 175                         ,                              ,                              ,                              ,33.2170110714721,-96.87728729813719,33.2170110714721,-96.87735971778059,33.21697681409909,-96.87735971778059,33.21697681409909,-96.87728729813719,33.2169939427856              ,-96.87732350795889            ,                                                            ,                                                                                                    
P 174                         ,                              ,                              ,                              ,33.2170453288451,-96.87728729813719,33.2170453288451,-96.87735971778059,33.2170110714721,-96.87735971778059,33.2170110714721,-96.87728729813719,33.2170282001586              ,-96.87732350795889            ,                                                            ,                                                                                                    
P 173                         ,                              ,                              ,                              ,33.217079586218105,-96.87728729813719,33.217079586218105,-96.87735971778059,33.2170453288451,-96.87735971778059,33.2170453288451,-96.87728729813719,33.217062457531604            ,-96.87732350795889            ,                                                            ,                                                                                                    
P 172                         ,                              ,                              ,                              ,33.21711384359111,-96.87728729813719,33.21711384359111,-96.87735971778059,33.217079586218105,-96.87735971778059,33.217079586218105,-96.87728729813719,33.217096714904606            ,-96.87732350795889            ,                                                            ,                                                                                                    
P 171                         ,                              ,                              ,                              ,33.21714810096412,-96.87728729813719,33.21714810096412,-96.87735971778059,33.21711384359111,-96.87735971778059,33.21711384359111,-96.87728729813719,33.217130972277616            ,-96.87732350795889            ,                                                            ,                                                                                                    
P 170                         ,                              ,                              ,                              ,33.21718235833712,-96.87728729813719,33.21718235833712,-96.87735971778059,33.21714810096412,-96.87735971778059,33.21714810096412,-96.87728729813719,33.21716522965062             ,-96.87732350795889            ,                                                            ,                                                                                                    
P 169                         ,                              ,                              ,                              ,33.21721661571012,-96.87728729813719,33.21721661571012,-96.87735971778059,33.21718235833712,-96.87735971778059,33.21718235833712,-96.87728729813719,33.21719948702362             ,-96.87732350795889            ,                                                            ,                                                                                                    
P 168                         ,                              ,                              ,                              ,33.217250873083124,-96.87728729813719,33.217250873083124,-96.87735971778059,33.21721661571012,-96.87735971778059,33.21721661571012,-96.87728729813719,33.21723374439662             ,-96.87732350795889            ,                                                            ,                                                                                                    
P 167                         ,                              ,                              ,                              ,33.21728513045613,-96.87728729813719,33.21728513045613,-96.87735971778059,33.217250873083124,-96.87735971778059,33.217250873083124,-96.87728729813719,33.217268001769625            ,-96.87732350795889            ,                                                            ,                                                                                                    
P 166                         ,                              ,                              ,                              ,33.217319387829136,-96.87728729813719,33.217319387829136,-96.87735971778059,33.21728513045613,-96.87735971778059,33.21728513045613,-96.87728729813719,33.217302259142635            ,-96.87732350795889            ,                                                            ,                                                                                                    
P 165                         ,                              ,                              ,                              ,33.21735364520214,-96.87728729813719,33.21735364520214,-96.87735971778059,33.217319387829136,-96.87735971778059,33.217319387829136,-96.87728729813719,33.21733651651564             ,-96.87732350795889            ,                                                            ,                                                                                                    
P 164                         ,                              ,                              ,                              ,33.21738790257515,-96.87728729813719,33.21738790257515,-96.87735971778059,33.21735364520214,-96.87735971778059,33.21735364520214,-96.87728729813719,33.217370773888646            ,-96.87732350795889            ,                                                            ,                                                                                                    
P 163                         ,                              ,                              ,                              ,33.21742215994815,-96.87728729813719,33.21742215994815,-96.87735971778059,33.21738790257515,-96.87735971778059,33.21738790257515,-96.87728729813719,33.21740503126165             ,-96.87732350795889            ,                                                            ,                                                                                                    
P 162                         ,                              ,                              ,                              ,33.21745641732115,-96.87728729813719,33.21745641732115,-96.87735971778059,33.21742215994815,-96.87735971778059,33.21742215994815,-96.87728729813719,33.21743928863465             ,-96.87732350795889            ,                                                            ,                                                                                                    
P 161                         ,                              ,                              ,                              ,33.217490674694155,-96.87728729813719,33.217490674694155,-96.87735971778059,33.21745641732115,-96.87735971778059,33.21745641732115,-96.87728729813719,33.21747354600765             ,-96.87732350795889            ,                                                            ,                                                                                                    
P 160                         ,                              ,                              ,                              ,33.217524932067164,-96.87728729813719,33.217524932067164,-96.87735971778059,33.217490674694155,-96.87735971778059,33.217490674694155,-96.87728729813719,33.217507803380656            ,-96.87732350795889            ,                                                            ,                                                                                                    
P 159                         ,                              ,                              ,                              ,33.217559189440166,-96.87728729813719,33.217559189440166,-96.87735971778059,33.217524932067164,-96.87735971778059,33.217524932067164,-96.87728729813719,33.217542060753665            ,-96.87732350795889            ,                                                            ,                                                                                                    
P 158                         ,                              ,                              ,                              ,33.21759344681317,-96.87728729813719,33.21759344681317,-96.87735971778059,33.217559189440166,-96.87735971778059,33.217559189440166,-96.87728729813719,33.21757631812667             ,-96.87732350795889            ,                                                            ,                                                                                                    
P 157                         ,                              ,                              ,                              ,33.21762770418617,-96.87728729813719,33.21762770418617,-96.87735971778059,33.21759344681317,-96.87735971778059,33.21759344681317,-96.87728729813719,33.21761057549967             ,-96.87732350795889            ,                                                            ,                                                                                                    
P 156                         ,                              ,                              ,                              ,33.21766196155918,-96.87728729813719,33.21766196155918,-96.87735971778059,33.21762770418617,-96.87735971778059,33.21762770418617,-96.87728729813719,33.21764483287268             ,-96.87732350795889            ,                                                            ,                                                                                                    
P 155                         ,                              ,                              ,                              ,33.21769621893218,-96.87728729813719,33.21769621893218,-96.87735971778059,33.21766196155918,-96.87735971778059,33.21766196155918,-96.87728729813719,33.21767909024568             ,-96.87732350795889            ,                                                            ,                                                                                                    
P 154                         ,                              ,                              ,                              ,33.217730476305185,-96.87728729813719,33.217730476305185,-96.87735971778059,33.21769621893218,-96.87735971778059,33.21769621893218,-96.87728729813719,33.217713347618684            ,-96.87732350795889            ,                                                            ,                                                                                                    
P 153                         ,                              ,                              ,                              ,33.21776473367819,-96.87728729813719,33.21776473367819,-96.87735971778059,33.217730476305185,-96.87735971778059,33.217730476305185,-96.87728729813719,33.217747604991686            ,-96.87732350795889            ,                                                            ,                                                                                                    
P 152                         ,                              ,                              ,                              ,33.2177989910512,-96.87728729813719,33.2177989910512,-96.87735971778059,33.21776473367819,-96.87735971778059,33.21776473367819,-96.87728729813719,33.217781862364696            ,-96.87732350795889            ,                                                            ,                                                                                                    
P 151                         ,                              ,                              ,                              ,33.2178332484242,-96.87728729813719,33.2178332484242,-96.87735971778059,33.2177989910512,-96.87735971778059,33.2177989910512,-96.87728729813719,33.2178161197377              ,-96.87732350795889            ,                                                            ,                                                                                                    
P 150                         ,                              ,                              ,                              ,33.21684140830174,-96.8773703669002,33.21684140830174,-96.87745351537966,33.21680715092937,-96.87745351537966,33.21680715092937,-96.8773703669002,33.21682427961555             ,-96.87741194113993            ,                                                            ,                                                                                                    
P 149                         ,                              ,                              ,                              ,33.21687566567411,-96.8773703669002,33.21687566567411,-96.87745351537966,33.21684140830174,-96.87745351537966,33.21684140830174,-96.8773703669002,33.21685853698793             ,-96.87741194113993            ,                                                            ,                                                                                                    
P 148                         ,                              ,                              ,                              ,33.21690992304648,-96.8773703669002,33.21690992304648,-96.87745351537966,33.21687566567411,-96.87745351537966,33.21687566567411,-96.8773703669002,33.21689279436029             ,-96.87741194113993            ,                                                            ,                                                                                                    
P 147                         ,                              ,                              ,                              ,33.21694418041884,-96.8773703669002,33.21694418041884,-96.87745351537966,33.21690992304648,-96.87745351537966,33.21690992304648,-96.8773703669002,33.21692705173266             ,-96.87741194113993            ,                                                            ,                                                                                                    
P 146                         ,                              ,                              ,                              ,33.21697843779121,-96.8773703669002,33.21697843779121,-96.87745351537966,33.21694418041884,-96.87745351537966,33.21694418041884,-96.8773703669002,33.216961309105024            ,-96.87741194113993            ,                                                            ,                                                                                                    
P 145                         ,                              ,                              ,                              ,33.21701269516358,-96.8773703669002,33.21701269516358,-96.87745351537966,33.21697843779121,-96.87745351537966,33.21697843779121,-96.8773703669002,33.216995566477394            ,-96.87741194113993            ,                                                            ,                                                                                                    
P 144                         ,                              ,                              ,                              ,33.21704695253595,-96.8773703669002,33.21704695253595,-96.87745351537966,33.21701269516358,-96.87745351537966,33.21701269516358,-96.8773703669002,33.21702982384977             ,-96.87741194113993            ,                                                            ,                                                                                                    
P 143                         ,                              ,                              ,                              ,33.21708120990832,-96.8773703669002,33.21708120990832,-96.87745351537966,33.21704695253595,-96.87745351537966,33.21704695253595,-96.8773703669002,33.217064081222134            ,-96.87741194113993            ,                                                            ,                                                                                                    
P 142                         ,                              ,                              ,                              ,33.21711546728069,-96.8773703669002,33.21711546728069,-96.87745351537966,33.21708120990832,-96.87745351537966,33.21708120990832,-96.8773703669002,33.217098338594504            ,-96.87741194113993            ,                                                            ,                                                                                                    
P 141                         ,                              ,                              ,                              ,33.21714972465306,-96.8773703669002,33.21714972465306,-96.87745351537966,33.21711546728069,-96.87745351537966,33.21711546728069,-96.8773703669002,33.21713259596687             ,-96.87741194113993            ,                                                            ,                                                                                                    
P 140                         ,                              ,                              ,                              ,33.21718398202543,-96.8773703669002,33.21718398202543,-96.87745351537966,33.21714972465306,-96.87745351537966,33.21714972465306,-96.8773703669002,33.21716685333925             ,-96.87741194113993            ,                                                            ,                                                                                                    
P 139                         ,                              ,                              ,                              ,33.217218239397795,-96.8773703669002,33.217218239397795,-96.87745351537966,33.21718398202543,-96.87745351537966,33.21718398202543,-96.8773703669002,33.21720111071161             ,-96.87741194113993            ,                                                            ,                                                                                                    
P 138                         ,                              ,                              ,                              ,33.217252496770165,-96.8773703669002,33.217252496770165,-96.87745351537966,33.217218239397795,-96.87745351537966,33.217218239397795,-96.8773703669002,33.217235368083976            ,-96.87741194113993            ,                                                            ,                                                                                                    
P 137                         ,                              ,                              ,                              ,33.217286754142535,-96.8773703669002,33.217286754142535,-96.87745351537966,33.217252496770165,-96.87745351537966,33.217252496770165,-96.8773703669002,33.217269625456346            ,-96.87741194113993            ,                                                            ,                                                                                                    
P 136                         ,                              ,                              ,                              ,33.217321011514905,-96.8773703669002,33.217321011514905,-96.87745351537966,33.217286754142535,-96.87745351537966,33.217286754142535,-96.8773703669002,33.217303882828716            ,-96.87741194113993            ,                                                            ,                                                                                                    
P 135                         ,                              ,                              ,                              ,33.217355268887275,-96.8773703669002,33.217355268887275,-96.87745351537966,33.217321011514905,-96.87745351537966,33.217321011514905,-96.8773703669002,33.21733814020109             ,-96.87741194113993            ,                                                            ,                                                                                                    
P 134                         ,                              ,                              ,                              ,33.217389526259645,-96.8773703669002,33.217389526259645,-96.87745351537966,33.217355268887275,-96.87745351537966,33.217355268887275,-96.8773703669002,33.217372397573456            ,-96.87741194113993            ,                                                            ,                                                                                                    
P 133                         ,                              ,                              ,                              ,33.217423783632015,-96.8773703669002,33.217423783632015,-96.87745351537966,33.217389526259645,-96.87745351537966,33.217389526259645,-96.8773703669002,33.217406654945826            ,-96.87741194113993            ,                                                            ,                                                                                                    
P 132                         ,                              ,                              ,                              ,33.21745804100438,-96.8773703669002,33.21745804100438,-96.87745351537966,33.217423783632015,-96.87745351537966,33.217423783632015,-96.8773703669002,33.217440912318196            ,-96.87741194113993            ,                                                            ,                                                                                                    
P 131                         ,                              ,                              ,                              ,33.21749229837675,-96.8773703669002,33.21749229837675,-96.87745351537966,33.21745804100438,-96.87745351537966,33.21745804100438,-96.8773703669002,33.21747516969056             ,-96.87741194113993            ,                                                            ,                                                                                                    
P 130                         ,                              ,                              ,                              ,33.21752655574912,-96.8773703669002,33.21752655574912,-96.87745351537966,33.21749229837675,-96.87745351537966,33.21749229837675,-96.8773703669002,33.217509427062936            ,-96.87741194113993            ,                                                            ,                                                                                                    
P 129                         ,                              ,                              ,                              ,33.21756081312149,-96.8773703669002,33.21756081312149,-96.87745351537966,33.21752655574912,-96.87745351537966,33.21752655574912,-96.8773703669002,33.2175436844353              ,-96.87741194113993            ,                                                            ,                                                                                                    
P 128                         ,                              ,                              ,                              ,33.21759507049386,-96.8773703669002,33.21759507049386,-96.87745351537966,33.21756081312149,-96.87745351537966,33.21756081312149,-96.8773703669002,33.21757794180767             ,-96.87741194113993            ,                                                            ,                                                                                                    
P 127                         ,                              ,                              ,                              ,33.21762932786623,-96.8773703669002,33.21762932786623,-96.87745351537966,33.21759507049386,-96.87745351537966,33.21759507049386,-96.8773703669002,33.21761219918004             ,-96.87741194113993            ,                                                            ,                                                                                                    
P 126                         ,                              ,                              ,                              ,33.2176635852386,-96.8773703669002,33.2176635852386,-96.87745351537966,33.21762932786623,-96.87745351537966,33.21762932786623,-96.8773703669002,33.217646456552416            ,-96.87741194113993            ,                                                            ,                                                                                                    
P 125                         ,                              ,                              ,                              ,33.21769784261097,-96.8773703669002,33.21769784261097,-96.87745351537966,33.2176635852386,-96.87745351537966,33.2176635852386,-96.8773703669002,33.21768071392478             ,-96.87741194113993            ,                                                            ,                                                                                                    
P 124                         ,                              ,                              ,                              ,33.21773209998333,-96.8773703669002,33.21773209998333,-96.87745351537966,33.21769784261097,-96.87745351537966,33.21769784261097,-96.8773703669002,33.21771497129715             ,-96.87741194113993            ,                                                            ,                                                                                                    
P 123                         ,                              ,                              ,                              ,33.2177663573557,-96.8773703669002,33.2177663573557,-96.87745351537966,33.21773209998333,-96.87745351537966,33.21773209998333,-96.8773703669002,33.21774922866951             ,-96.87741194113993            ,                                                            ,                                                                                                    
P 122                         ,                              ,                              ,                              ,33.21780061472807,-96.8773703669002,33.21780061472807,-96.87745351537966,33.2177663573557,-96.87745351537966,33.2177663573557,-96.8773703669002,33.21778348604188             ,-96.87741194113993            ,                                                            ,                                                                                                    
P 121                         ,                              ,                              ,                              ,33.21783487210044,-96.8773703669002,33.21783487210044,-96.87745351537966,33.21780061472807,-96.87745351537966,33.21780061472807,-96.8773703669002,33.21781774341426             ,-96.87741194113993            ,                                                            ,                                                                                                    
P 120                         ,                              ,                              ,                              ,33.21778984391411,-96.87757287368082,33.21778984391411,-96.87751788839601,33.21782365250167,-96.87751788839601,33.21782365250167,-96.87757287368082,33.21780674820789             ,-96.87754538103842            ,                                                            ,                                                                                                    
P 119                         ,                              ,                              ,                              ,33.21775603532656,-96.87757287368082,33.21775603532656,-96.87751788839601,33.21778984391411,-96.87751788839601,33.21778984391411,-96.87757287368082,33.21777293962034             ,-96.87754538103842            ,                                                            ,                                                                                                    
P 118                         ,                              ,                              ,                              ,33.217722226739,-96.87757287368082,33.217722226739,-96.87751788839601,33.21775603532656,-96.87751788839601,33.21775603532656,-96.87757287368082,33.21773913103278             ,-96.87754538103842            ,                                                            ,                                                                                                    
P 117                         ,                              ,                              ,                              ,33.21768841815144,-96.87757287368082,33.21768841815144,-96.87751788839601,33.217722226739,-96.87751788839601,33.217722226739,-96.87757287368082,33.21770532244522             ,-96.87754538103842            ,                                                            ,                                                                                                    
P 116                         ,                              ,                              ,                              ,33.21765460956389,-96.87757287368082,33.21765460956389,-96.87751788839601,33.21768841815144,-96.87751788839601,33.21768841815144,-96.87757287368082,33.21767151385767             ,-96.87754538103842            ,                                                            ,                                                                                                    
P 115                         ,                              ,                              ,                              ,33.21762080097633,-96.87757287368082,33.21762080097633,-96.87751788839601,33.21765460956389,-96.87751788839601,33.21765460956389,-96.87757287368082,33.21763770527011             ,-96.87754538103842            ,                                                            ,                                                                                                    
P 114                         ,                              ,                              ,                              ,33.21758699238877,-96.87757287368082,33.21758699238877,-96.87751788839601,33.21762080097633,-96.87751788839601,33.21762080097633,-96.87757287368082,33.21760389668255             ,-96.87754538103842            ,                                                            ,                                                                                                    
P 113                         ,                              ,                              ,                              ,33.217553183801215,-96.87757287368082,33.217553183801215,-96.87751788839601,33.21758699238877,-96.87751788839601,33.21758699238877,-96.87757287368082,33.21757008809499             ,-96.87754538103842            ,                                                            ,                                                                                                    
P 112                         ,                              ,                              ,                              ,33.217519375213655,-96.87757287368082,33.217519375213655,-96.87751788839601,33.217553183801215,-96.87751788839601,33.217553183801215,-96.87757287368082,33.217536279507435            ,-96.87754538103842            ,                                                            ,                                                                                                    
P 111                         ,                              ,                              ,                              ,33.217485566626095,-96.87757287368082,33.217485566626095,-96.87751788839601,33.217519375213655,-96.87751788839601,33.217519375213655,-96.87757287368082,33.217502470919875            ,-96.87754538103842            ,                                                            ,                                                                                                    
P 110                         ,                              ,                              ,                              ,33.21745175803854,-96.87757287368082,33.21745175803854,-96.87751788839601,33.217485566626095,-96.87751788839601,33.217485566626095,-96.87757287368082,33.21746866233232             ,-96.87754538103842            ,                                                            ,                                                                                                    
P 109                         ,                              ,                              ,                              ,33.21741794945098,-96.87757287368082,33.21741794945098,-96.87751788839601,33.21745175803854,-96.87751788839601,33.21745175803854,-96.87757287368082,33.21743485374476             ,-96.87754538103842            ,                                                            ,                                                                                                    
P 108                         ,                              ,                              ,                              ,33.21738414086342,-96.87757287368082,33.21738414086342,-96.87751788839601,33.21741794945098,-96.87751788839601,33.21741794945098,-96.87757287368082,33.2174010451572              ,-96.87754538103842            ,                                                            ,                                                                                                    
P 107                         ,                              ,                              ,                              ,33.21735033227587,-96.87757287368082,33.21735033227587,-96.87751788839601,33.21738414086342,-96.87751788839601,33.21738414086342,-96.87757287368082,33.21736723656965             ,-96.87754538103842            ,                                                            ,                                                                                                    
P 106                         ,                              ,                              ,                              ,33.21731652368831,-96.87757287368082,33.21731652368831,-96.87751788839601,33.21735033227587,-96.87751788839601,33.21735033227587,-96.87757287368082,33.21733342798209             ,-96.87754538103842            ,                                                            ,                                                                                                    
P 105                         ,                              ,                              ,                              ,33.21728271510075,-96.87757287368082,33.21728271510075,-96.87751788839601,33.21731652368831,-96.87751788839601,33.21731652368831,-96.87757287368082,33.21729961939453             ,-96.87754538103842            ,                                                            ,                                                                                                    
P 104                         ,                              ,                              ,                              ,33.2172489065132,-96.87757287368082,33.2172489065132,-96.87751788839601,33.21728271510075,-96.87751788839601,33.21728271510075,-96.87757287368082,33.21726581080698             ,-96.87754538103842            ,                                                            ,                                                                                                    
P 103                         ,                              ,                              ,                              ,33.21721509792564,-96.87757287368082,33.21721509792564,-96.87751788839601,33.2172489065132,-96.87751788839601,33.2172489065132,-96.87757287368082,33.21723200221942             ,-96.87754538103842            ,                                                            ,                                                                                                    
P 102                         ,                              ,                              ,                              ,33.21718128933808,-96.87757287368082,33.21718128933808,-96.87751788839601,33.21721509792564,-96.87751788839601,33.21721509792564,-96.87757287368082,33.21719819363186             ,-96.87754538103842            ,                                                            ,                                                                                                    
P 101                         ,                              ,                              ,                              ,33.217147480750526,-96.87757287368082,33.217147480750526,-96.87751788839601,33.21718128933808,-96.87751788839601,33.21718128933808,-96.87757287368082,33.2171643850443              ,-96.87754538103842            ,                                                            ,                                                                                                    
P 100                         ,                              ,                              ,                              ,33.21711367216297,-96.87757287368082,33.21711367216297,-96.87751788839601,33.217147480750526,-96.87751788839601,33.217147480750526,-96.87757287368082,33.217130576456746            ,-96.87754538103842            ,                                                            ,                                                                                                    
P 99                          ,                              ,                              ,                              ,33.21707986357541,-96.87757287368082,33.21707986357541,-96.87751788839601,33.21711367216297,-96.87751788839601,33.21711367216297,-96.87757287368082,33.21709676786919             ,-96.87754538103842            ,                                                            ,                                                                                                    
P 98                          ,                              ,                              ,                              ,33.217046054987854,-96.87757287368082,33.217046054987854,-96.87751788839601,33.21707986357541,-96.87751788839601,33.21707986357541,-96.87757287368082,33.217062959281634            ,-96.87754538103842            ,                                                            ,                                                                                                    
P 97                          ,                              ,                              ,                              ,33.217012246400294,-96.87757287368082,33.217012246400294,-96.87751788839601,33.217046054987854,-96.87751788839601,33.217046054987854,-96.87757287368082,33.217029150694074            ,-96.87754538103842            ,                                                            ,                                                                                                    
P 96                          ,                              ,                              ,                              ,33.216978437812735,-96.87757287368082,33.216978437812735,-96.87751788839601,33.217012246400294,-96.87751788839601,33.217012246400294,-96.87757287368082,33.216995342106514            ,-96.87754538103842            ,                                                            ,                                                                                                    
P 95                          ,                              ,                              ,                              ,33.21694462922518,-96.87757287368082,33.21694462922518,-96.87751788839601,33.216978437812735,-96.87751788839601,33.216978437812735,-96.87757287368082,33.21696153351896             ,-96.87754538103842            ,                                                            ,                                                                                                    
P 94                          ,                              ,                              ,                              ,33.21691082063762,-96.87757287368082,33.21691082063762,-96.87751788839601,33.21694462922518,-96.87751788839601,33.21694462922518,-96.87757287368082,33.2169277249314              ,-96.87754538103842            ,                                                            ,                                                                                                    
P 93                          ,                              ,                              ,                              ,33.21687701205006,-96.87757287368082,33.21687701205006,-96.87751788839601,33.21691082063762,-96.87751788839601,33.21691082063762,-96.87757287368082,33.21689391634384             ,-96.87754538103842            ,                                                            ,                                                                                                    
P 92                          ,                              ,                              ,                              ,33.21684320346251,-96.87757287368082,33.21684320346251,-96.87751788839601,33.21687701205006,-96.87751788839601,33.21687701205006,-96.87757287368082,33.21686010775629             ,-96.87754538103842            ,                                                            ,                                                                                                    
P 91                          ,                              ,                              ,                              ,33.21680939487495,-96.87757287368082,33.21680939487495,-96.87751788839601,33.21684320346251,-96.87751788839601,33.21684320346251,-96.87757287368082,33.21682629916873             ,-96.87754538103842            ,                                                            ,                                                                                                    
P 90                          ,                              ,                              ,                              ,33.21778767479161,-96.87770296081804,33.21778767479161,-96.87761444792055,33.21782140858185,-96.87761444792055,33.21782140858185,-96.87770296081804,33.217804541686725            ,-96.8776587043693             ,                                                            ,                                                                                                    
P 89                          ,                              ,                              ,                              ,33.21775394100137,-96.87770296081804,33.21775394100137,-96.87761444792055,33.21778767479161,-96.87761444792055,33.21778767479161,-96.87770296081804,33.217770807896486            ,-96.8776587043693             ,                                                            ,                                                                                                    
P 88                          ,                              ,                              ,                              ,33.21772020721114,-96.87770296081804,33.21772020721114,-96.87761444792055,33.21775394100137,-96.87761444792055,33.21775394100137,-96.87770296081804,33.21773707410625             ,-96.8776587043693             ,                                                            ,                                                                                                    
P 87                          ,                              ,                              ,                              ,33.2176864734209,-96.87770296081804,33.2176864734209,-96.87761444792055,33.21772020721114,-96.87761444792055,33.21772020721114,-96.87770296081804,33.217703340316014            ,-96.8776587043693             ,                                                            ,                                                                                                    
P 86                          ,                              ,                              ,                              ,33.21765273963066,-96.87770296081804,33.21765273963066,-96.87761444792055,33.2176864734209,-96.87761444792055,33.2176864734209,-96.87770296081804,33.217669606525774            ,-96.8776587043693             ,                                                            ,                                                                                                    
P 85                          ,                              ,                              ,                              ,33.21761900584042,-96.87770296081804,33.21761900584042,-96.87761444792055,33.21765273963066,-96.87761444792055,33.21765273963066,-96.87770296081804,33.21763587273554             ,-96.8776587043693             ,                                                            ,                                                                                                    
P 84                          ,                              ,                              ,                              ,33.21758527205019,-96.87770296081804,33.21758527205019,-96.87761444792055,33.21761900584042,-96.87761444792055,33.21761900584042,-96.87770296081804,33.2176021389453              ,-96.8776587043693             ,                                                            ,                                                                                                    
P 83                          ,                              ,                              ,                              ,33.21755153825995,-96.87770296081804,33.21755153825995,-96.87761444792055,33.21758527205019,-96.87761444792055,33.21758527205019,-96.87770296081804,33.21756840515506             ,-96.8776587043693             ,                                                            ,                                                                                                    
P 82                          ,                              ,                              ,                              ,33.21751780446971,-96.87770296081804,33.21751780446971,-96.87761444792055,33.21755153825995,-96.87761444792055,33.21755153825995,-96.87770296081804,33.21753467136483             ,-96.8776587043693             ,                                                            ,                                                                                                    
P 81                          ,                              ,                              ,                              ,33.21748407067947,-96.87770296081804,33.21748407067947,-96.87761444792055,33.21751780446971,-96.87761444792055,33.21751780446971,-96.87770296081804,33.217500937574584            ,-96.8776587043693             ,                                                            ,                                                                                                    
P 80                          ,                              ,                              ,                              ,33.217450336889236,-96.87770296081804,33.217450336889236,-96.87761444792055,33.21748407067947,-96.87761444792055,33.21748407067947,-96.87770296081804,33.21746720378435             ,-96.8776587043693             ,                                                            ,                                                                                                    
P 79                          ,                              ,                              ,                              ,33.217416603099,-96.87770296081804,33.217416603099,-96.87761444792055,33.217450336889236,-96.87761444792055,33.217450336889236,-96.87770296081804,33.21743346999412             ,-96.8776587043693             ,                                                            ,                                                                                                    
P 78                          ,                              ,                              ,                              ,33.21738286930876,-96.87770296081804,33.21738286930876,-96.87761444792055,33.217416603099,-96.87761444792055,33.217416603099,-96.87770296081804,33.21739973620387             ,-96.8776587043693             ,                                                            ,                                                                                                    
P 77                          ,                              ,                              ,                              ,33.21734913551852,-96.87770296081804,33.21734913551852,-96.87761444792055,33.21738286930876,-96.87761444792055,33.21738286930876,-96.87770296081804,33.217366002413634            ,-96.8776587043693             ,                                                            ,                                                                                                    
P 76                          ,                              ,                              ,                              ,33.217315401728285,-96.87770296081804,33.217315401728285,-96.87761444792055,33.21734913551852,-96.87761444792055,33.21734913551852,-96.87770296081804,33.2173322686234              ,-96.8776587043693             ,                                                            ,                                                                                                    
P 75                          ,                              ,                              ,                              ,33.217281667938046,-96.87770296081804,33.217281667938046,-96.87761444792055,33.217315401728285,-96.87761444792055,33.217315401728285,-96.87770296081804,33.21729853483316             ,-96.8776587043693             ,                                                            ,                                                                                                    
P 74                          ,                              ,                              ,                              ,33.21724793414781,-96.87770296081804,33.21724793414781,-96.87761444792055,33.217281667938046,-96.87761444792055,33.217281667938046,-96.87770296081804,33.21726480104292             ,-96.8776587043693             ,                                                            ,                                                                                                    
P 73                          ,                              ,                              ,                              ,33.21721420035757,-96.87770296081804,33.21721420035757,-96.87761444792055,33.21724793414781,-96.87761444792055,33.21724793414781,-96.87770296081804,33.21723106725268             ,-96.8776587043693             ,                                                            ,                                                                                                    
P 72                          ,                              ,                              ,                              ,33.21718046656733,-96.87770296081804,33.21718046656733,-96.87761444792055,33.21721420035757,-96.87761444792055,33.21721420035757,-96.87770296081804,33.21719733346245             ,-96.8776587043693             ,                                                            ,                                                                                                    
P 71                          ,                              ,                              ,                              ,33.217146732777096,-96.87770296081804,33.217146732777096,-96.87761444792055,33.21718046656733,-96.87761444792055,33.21718046656733,-96.87770296081804,33.21716359967221             ,-96.8776587043693             ,                                                            ,                                                                                                    
P 70                          ,                              ,                              ,                              ,33.217112998986856,-96.87770296081804,33.217112998986856,-96.87761444792055,33.217146732777096,-96.87761444792055,33.217146732777096,-96.87770296081804,33.21712986588197             ,-96.8776587043693             ,                                                            ,                                                                                                    
P 69                          ,                              ,                              ,                              ,33.21707926519662,-96.87770296081804,33.21707926519662,-96.87761444792055,33.217112998986856,-96.87761444792055,33.217112998986856,-96.87770296081804,33.21709613209174             ,-96.8776587043693             ,                                                            ,                                                                                                    
P 68                          ,                              ,                              ,                              ,33.21704553140638,-96.87770296081804,33.21704553140638,-96.87761444792055,33.21707926519662,-96.87761444792055,33.21707926519662,-96.87770296081804,33.21706239830149             ,-96.8776587043693             ,                                                            ,                                                                                                    
P 67                          ,                              ,                              ,                              ,33.217011797616145,-96.87770296081804,33.217011797616145,-96.87761444792055,33.21704553140638,-96.87761444792055,33.21704553140638,-96.87770296081804,33.21702866451126             ,-96.8776587043693             ,                                                            ,                                                                                                    
P 66                          ,                              ,                              ,                              ,33.216978063825906,-96.87770296081804,33.216978063825906,-96.87761444792055,33.217011797616145,-96.87761444792055,33.217011797616145,-96.87770296081804,33.21699493072103             ,-96.8776587043693             ,                                                            ,                                                                                                    
P 65                          ,                              ,                              ,                              ,33.216944330035666,-96.87770296081804,33.216944330035666,-96.87761444792055,33.216978063825906,-96.87761444792055,33.216978063825906,-96.87770296081804,33.21696119693078             ,-96.8776587043693             ,                                                            ,                                                                                                    
P 64                          ,                              ,                              ,                              ,33.21691059624543,-96.87770296081804,33.21691059624543,-96.87761444792055,33.216944330035666,-96.87761444792055,33.216944330035666,-96.87770296081804,33.21692746314054             ,-96.8776587043693             ,                                                            ,                                                                                                    
P 63                          ,                              ,                              ,                              ,33.216876862455194,-96.87770296081804,33.216876862455194,-96.87761444792055,33.21691059624543,-96.87761444792055,33.21691059624543,-96.87770296081804,33.21689372935031             ,-96.8776587043693             ,                                                            ,                                                                                                    
P 62                          ,                              ,                              ,                              ,33.216843128664955,-96.87770296081804,33.216843128664955,-96.87761444792055,33.216876862455194,-96.87761444792055,33.216876862455194,-96.87770296081804,33.21685999556007             ,-96.8776587043693             ,                                                            ,                                                                                                    
P 61                          ,                              ,                              ,                              ,33.216809394874716,-96.87770296081804,33.216809394874716,-96.87761444792055,33.216843128664955,-96.87761444792055,33.216843128664955,-96.87770296081804,33.21682626176983             ,-96.8776587043693             ,                                                            ,                                                                                                    
P 60                          ,                              ,                              ,                              ,33.21686212740377,-96.87776331052088,33.21686212740377,-96.87781695470117,33.216829029398326,-96.87781695470117,33.216829029398326,-96.87776331052088,33.21684557840105             ,-96.87779013261103            ,                                                            ,                                                                                                    
P 59                          ,                              ,                              ,                              ,33.21689522540921,-96.87776331052088,33.21689522540921,-96.87781695470117,33.21686212740377,-96.87781695470117,33.21686212740377,-96.87776331052088,33.216878676406495            ,-96.87779013261103            ,                                                            ,                                                                                                    
P 58                          ,                              ,                              ,                              ,33.21692832341465,-96.87776331052088,33.21692832341465,-96.87781695470117,33.21689522540921,-96.87781695470117,33.21689522540921,-96.87776331052088,33.21691177441193             ,-96.87779013261103            ,                                                            ,                                                                                                    
P 57                          ,                              ,                              ,                              ,33.216961421420095,-96.87776331052088,33.216961421420095,-96.87781695470117,33.21692832341465,-96.87781695470117,33.21692832341465,-96.87776331052088,33.21694487241737             ,-96.87779013261103            ,                                                            ,                                                                                                    
P 56                          ,                              ,                              ,                              ,33.21699451942553,-96.87776331052088,33.21699451942553,-96.87781695470117,33.216961421420095,-96.87781695470117,33.216961421420095,-96.87776331052088,33.21697797042282             ,-96.87779013261103            ,                                                            ,                                                                                                    
P 55                          ,                              ,                              ,                              ,33.21702761743098,-96.87776331052088,33.21702761743098,-96.87781695470117,33.21699451942553,-96.87781695470117,33.21699451942553,-96.87776331052088,33.217011068428256            ,-96.87779013261103            ,                                                            ,                                                                                                    
P 54                          ,                              ,                              ,                              ,33.21706071543642,-96.87776331052088,33.21706071543642,-96.87781695470117,33.21702761743098,-96.87781695470117,33.21702761743098,-96.87776331052088,33.217044166433695            ,-96.87779013261103            ,                                                            ,                                                                                                    
P 53                          ,                              ,                              ,                              ,33.21709381344186,-96.87776331052088,33.21709381344186,-96.87781695470117,33.21706071543642,-96.87781695470117,33.21706071543642,-96.87776331052088,33.21707726443914             ,-96.87779013261103            ,                                                            ,                                                                                                    
P 52                          ,                              ,                              ,                              ,33.21712691144731,-96.87776331052088,33.21712691144731,-96.87781695470117,33.21709381344186,-96.87781695470117,33.21709381344186,-96.87776331052088,33.217110362444586            ,-96.87779013261103            ,                                                            ,                                                                                                    
P 51                          ,                              ,                              ,                              ,33.21716000945275,-96.87776331052088,33.21716000945275,-96.87781695470117,33.21712691144731,-96.87781695470117,33.21712691144731,-96.87776331052088,33.21714346045003             ,-96.87779013261103            ,                                                            ,                                                                                                    
P 50                          ,                              ,                              ,                              ,33.217193107458186,-96.87776331052088,33.217193107458186,-96.87781695470117,33.21716000945275,-96.87781695470117,33.21716000945275,-96.87776331052088,33.21717655845547             ,-96.87779013261103            ,                                                            ,                                                                                                    
P 49                          ,                              ,                              ,                              ,33.21722620546363,-96.87776331052088,33.21722620546363,-96.87781695470117,33.217193107458186,-96.87781695470117,33.217193107458186,-96.87776331052088,33.21720965646091             ,-96.87779013261103            ,                                                            ,                                                                                                    
P 48                          ,                              ,                              ,                              ,33.21725930346908,-96.87776331052088,33.21725930346908,-96.87781695470117,33.21722620546363,-96.87781695470117,33.21722620546363,-96.87776331052088,33.217242754466355            ,-96.87779013261103            ,                                                            ,                                                                                                    
P 47                          ,                              ,                              ,                              ,33.217292401474516,-96.87776331052088,33.217292401474516,-96.87781695470117,33.21725930346908,-96.87781695470117,33.21725930346908,-96.87776331052088,33.2172758524718              ,-96.87779013261103            ,                                                            ,                                                                                                    
P 46                          ,                              ,                              ,                              ,33.217325499479955,-96.87776331052088,33.217325499479955,-96.87781695470117,33.217292401474516,-96.87781695470117,33.217292401474516,-96.87776331052088,33.21730895047723             ,-96.87779013261103            ,                                                            ,                                                                                                    
P 45                          ,                              ,                              ,                              ,33.2173585974854,-96.87776331052088,33.2173585974854,-96.87781695470117,33.217325499479955,-96.87781695470117,33.217325499479955,-96.87776331052088,33.21734204848268             ,-96.87779013261103            ,                                                            ,                                                                                                    
P 44                          ,                              ,                              ,                              ,33.217391695490846,-96.87776331052088,33.217391695490846,-96.87781695470117,33.2173585974854,-96.87781695470117,33.2173585974854,-96.87776331052088,33.21737514648812             ,-96.87779013261103            ,                                                            ,                                                                                                    
P 43                          ,                              ,                              ,                              ,33.217424793496285,-96.87776331052088,33.217424793496285,-96.87781695470117,33.217391695490846,-96.87781695470117,33.217391695490846,-96.87776331052088,33.21740824449357             ,-96.87779013261103            ,                                                            ,                                                                                                    
P 42                          ,                              ,                              ,                              ,33.217457891501724,-96.87776331052088,33.217457891501724,-96.87781695470117,33.217424793496285,-96.87781695470117,33.217424793496285,-96.87776331052088,33.21744134249901             ,-96.87779013261103            ,                                                            ,                                                                                                    
P 41                          ,                              ,                              ,                              ,33.21749098950717,-96.87776331052088,33.21749098950717,-96.87781695470117,33.217457891501724,-96.87781695470117,33.217457891501724,-96.87776331052088,33.217474440504446            ,-96.87779013261103            ,                                                            ,                                                                                                    
P 40                          ,                              ,                              ,                              ,33.217524087512615,-96.87776331052088,33.217524087512615,-96.87781695470117,33.21749098950717,-96.87781695470117,33.21749098950717,-96.87776331052088,33.21750753850989             ,-96.87779013261103            ,                                                            ,                                                                                                    
P 39                          ,                              ,                              ,                              ,33.217557185518054,-96.87776331052088,33.217557185518054,-96.87781695470117,33.217524087512615,-96.87781695470117,33.217524087512615,-96.87776331052088,33.21754063651534             ,-96.87779013261103            ,                                                            ,                                                                                                    
P 38                          ,                              ,                              ,                              ,33.2175902835235,-96.87776331052088,33.2175902835235,-96.87781695470117,33.217557185518054,-96.87781695470117,33.217557185518054,-96.87776331052088,33.217573734520776            ,-96.87779013261103            ,                                                            ,                                                                                                    
P 37                          ,                              ,                              ,                              ,33.21762338152894,-96.87776331052088,33.21762338152894,-96.87781695470117,33.2175902835235,-96.87781695470117,33.2175902835235,-96.87776331052088,33.217606832526215            ,-96.87779013261103            ,                                                            ,                                                                                                    
P 36                          ,                              ,                              ,                              ,33.217656479534384,-96.87776331052088,33.217656479534384,-96.87781695470117,33.21762338152894,-96.87781695470117,33.21762338152894,-96.87776331052088,33.21763993053166             ,-96.87779013261103            ,                                                            ,                                                                                                    
P 35                          ,                              ,                              ,                              ,33.21768957753982,-96.87776331052088,33.21768957753982,-96.87781695470117,33.217656479534384,-96.87781695470117,33.217656479534384,-96.87776331052088,33.21767302853711             ,-96.87779013261103            ,                                                            ,                                                                                                    
P 34                          ,                              ,                              ,                              ,33.21772267554526,-96.87776331052088,33.21772267554526,-96.87781695470117,33.21768957753982,-96.87781695470117,33.21768957753982,-96.87776331052088,33.217706126542545            ,-96.87779013261103            ,                                                            ,                                                                                                    
P 33                          ,                              ,                              ,                              ,33.21775577355071,-96.87776331052088,33.21775577355071,-96.87781695470117,33.21772267554526,-96.87781695470117,33.21772267554526,-96.87776331052088,33.217739224547984            ,-96.87779013261103            ,                                                            ,                                                                                                    
P 32                          ,                              ,                              ,                              ,33.21778887155615,-96.87776331052088,33.21778887155615,-96.87781695470117,33.21775577355071,-96.87781695470117,33.21775577355071,-96.87776331052088,33.21777232255343             ,-96.87779013261103            ,                                                            ,                                                                                                    
P 31                          ,                              ,                              ,                              ,33.21782196956159,-96.87776331052088,33.21782196956159,-96.87781695470117,33.21778887155615,-96.87781695470117,33.21778887155615,-96.87776331052088,33.217805420558875            ,-96.87779013261103            ,                                                            ,                                                                                                    
P 30                          ,                              ,                              ,                              ,33.216862239599585,-96.87782768353723,33.216862239599585,-96.87790814980768,33.21682902939815,-96.87790814980768,33.21682902939815,-96.87782768353723,33.21684563449887             ,-96.87786791667246            ,                                                            ,                                                                                                    
P 29                          ,                              ,                              ,                              ,33.21689544980102,-96.87782768353723,33.21689544980102,-96.87790814980768,33.216862239599585,-96.87790814980768,33.216862239599585,-96.87782768353723,33.216878844700304            ,-96.87786791667246            ,                                                            ,                                                                                                    
P 28                          ,                              ,                              ,                              ,33.21692866000246,-96.87782768353723,33.21692866000246,-96.87790814980768,33.21689544980102,-96.87790814980768,33.21689544980102,-96.87782768353723,33.21691205490174             ,-96.87786791667246            ,                                                            ,                                                                                                    
P 27                          ,                              ,                              ,                              ,33.2169618702039,-96.87782768353723,33.2169618702039,-96.87790814980768,33.21692866000246,-96.87790814980768,33.21692866000246,-96.87782768353723,33.21694526510318             ,-96.87786791667246            ,                                                            ,                                                                                                    
P 26                          ,                              ,                              ,                              ,33.21699508040534,-96.87782768353723,33.21699508040534,-96.87790814980768,33.2169618702039,-96.87790814980768,33.2169618702039,-96.87782768353723,33.21697847530462             ,-96.87786791667246            ,                                                            ,                                                                                                    
P 25                          ,                              ,                              ,                              ,33.21702829060678,-96.87782768353723,33.21702829060678,-96.87790814980768,33.21699508040534,-96.87790814980768,33.21699508040534,-96.87782768353723,33.21701168550606             ,-96.87786791667246            ,                                                            ,                                                                                                    
P 24                          ,                              ,                              ,                              ,33.217061500808214,-96.87782768353723,33.217061500808214,-96.87790814980768,33.21702829060678,-96.87790814980768,33.21702829060678,-96.87782768353723,33.217044895707495            ,-96.87786791667246            ,                                                            ,                                                                                                    
P 23                          ,                              ,                              ,                              ,33.21709471100965,-96.87782768353723,33.21709471100965,-96.87790814980768,33.217061500808214,-96.87790814980768,33.217061500808214,-96.87782768353723,33.21707810590893             ,-96.87786791667246            ,                                                            ,                                                                                                    
P 22                          ,                              ,                              ,                              ,33.21712792121109,-96.87782768353723,33.21712792121109,-96.87790814980768,33.21709471100965,-96.87790814980768,33.21709471100965,-96.87782768353723,33.21711131611037             ,-96.87786791667246            ,                                                            ,                                                                                                    
P 21                          ,                              ,                              ,                              ,33.21716113141253,-96.87782768353723,33.21716113141253,-96.87790814980768,33.21712792121109,-96.87790814980768,33.21712792121109,-96.87782768353723,33.21714452631181             ,-96.87786791667246            ,                                                            ,                                                                                                    
P 20                          ,                              ,                              ,                              ,33.21719434161397,-96.87782768353723,33.21719434161397,-96.87790814980768,33.21716113141253,-96.87790814980768,33.21716113141253,-96.87782768353723,33.21717773651325             ,-96.87786791667246            ,                                                            ,                                                                                                    
P 19                          ,                              ,                              ,                              ,33.217227551815405,-96.87782768353723,33.217227551815405,-96.87790814980768,33.21719434161397,-96.87790814980768,33.21719434161397,-96.87782768353723,33.21721094671469             ,-96.87786791667246            ,                                                            ,                                                                                                    
P 18                          ,                              ,                              ,                              ,33.21726076201684,-96.87782768353723,33.21726076201684,-96.87790814980768,33.217227551815405,-96.87790814980768,33.217227551815405,-96.87782768353723,33.217244156916124            ,-96.87786791667246            ,                                                            ,                                                                                                    
P 17                          ,                              ,                              ,                              ,33.21729397221828,-96.87782768353723,33.21729397221828,-96.87790814980768,33.21726076201684,-96.87790814980768,33.21726076201684,-96.87782768353723,33.21727736711756             ,-96.87786791667246            ,                                                            ,                                                                                                    
P 16                          ,                              ,                              ,                              ,33.21732718241972,-96.87782768353723,33.21732718241972,-96.87790814980768,33.21729397221828,-96.87790814980768,33.21729397221828,-96.87782768353723,33.217310577319               ,-96.87786791667246            ,                                                            ,                                                                                                    
P 15                          ,                              ,                              ,                              ,33.21736039262116,-96.87782768353723,33.21736039262116,-96.87790814980768,33.21732718241972,-96.87790814980768,33.21732718241972,-96.87782768353723,33.21734378752044             ,-96.87786791667246            ,                                                            ,                                                                                                    
P 14                          ,                              ,                              ,                              ,33.2173936028226,-96.87782768353723,33.2173936028226,-96.87790814980768,33.21736039262116,-96.87790814980768,33.21736039262116,-96.87782768353723,33.21737699772188             ,-96.87786791667246            ,                                                            ,                                                                                                    
P 13                          ,                              ,                              ,                              ,33.21742681302403,-96.87782768353723,33.21742681302403,-96.87790814980768,33.2173936028226,-96.87790814980768,33.2173936028226,-96.87782768353723,33.217410207923315            ,-96.87786791667246            ,                                                            ,                                                                                                    
P 12                          ,                              ,                              ,                              ,33.21746002322547,-96.87782768353723,33.21746002322547,-96.87790814980768,33.21742681302403,-96.87790814980768,33.21742681302403,-96.87782768353723,33.21744341812475             ,-96.87786791667246            ,                                                            ,                                                                                                    
P 11                          ,                              ,                              ,                              ,33.21749323342691,-96.87782768353723,33.21749323342691,-96.87790814980768,33.21746002322547,-96.87790814980768,33.21746002322547,-96.87782768353723,33.21747662832619             ,-96.87786791667246            ,                                                            ,                                                                                                    
P 10                          ,                              ,                              ,                              ,33.217526443628344,-96.87782768353723,33.217526443628344,-96.87790814980768,33.21749323342691,-96.87790814980768,33.21749323342691,-96.87782768353723,33.217509838527626            ,-96.87786791667246            ,                                                            ,                                                                                                    
P 9                           ,                              ,                              ,                              ,33.21755965382979,-96.87782768353723,33.21755965382979,-96.87790814980768,33.217526443628344,-96.87790814980768,33.217526443628344,-96.87782768353723,33.21754304872907             ,-96.87786791667246            ,                                                            ,                                                                                                    
P 8                           ,                              ,                              ,                              ,33.217592864031225,-96.87782768353723,33.217592864031225,-96.87790814980768,33.21755965382979,-96.87790814980768,33.21755965382979,-96.87782768353723,33.21757625893051             ,-96.87786791667246            ,                                                            ,                                                                                                    
P 7                           ,                              ,                              ,                              ,33.21762607423266,-96.87782768353723,33.21762607423266,-96.87790814980768,33.217592864031225,-96.87790814980768,33.217592864031225,-96.87782768353723,33.21760946913194             ,-96.87786791667246            ,                                                            ,                                                                                                    
P 6                           ,                              ,                              ,                              ,33.2176592844341,-96.87782768353723,33.2176592844341,-96.87790814980768,33.21762607423266,-96.87790814980768,33.21762607423266,-96.87782768353723,33.21764267933338             ,-96.87786791667246            ,                                                            ,                                                                                                    
P 5                           ,                              ,                              ,                              ,33.217692494635536,-96.87782768353723,33.217692494635536,-96.87790814980768,33.2176592844341,-96.87790814980768,33.2176592844341,-96.87782768353723,33.21767588953482             ,-96.87786791667246            ,                                                            ,                                                                                                    
P 4                           ,                              ,                              ,                              ,33.21772570483698,-96.87782768353723,33.21772570483698,-96.87790814980768,33.217692494635536,-96.87790814980768,33.217692494635536,-96.87782768353723,33.21770909973626             ,-96.87786791667246            ,                                                            ,                                                                                                    
P 3                           ,                              ,                              ,                              ,33.21775891503842,-96.87782768353723,33.21775891503842,-96.87790814980768,33.21772570483698,-96.87790814980768,33.21772570483698,-96.87782768353723,33.2177423099377              ,-96.87786791667246            ,                                                            ,                                                                                                    
P 2                           ,                              ,                              ,                              ,33.21779212523985,-96.87782768353723,33.21779212523985,-96.87790814980768,33.21775891503842,-96.87790814980768,33.21775891503842,-96.87782768353723,33.217775520139135            ,-96.87786791667246            ,                                                            ,                                                                                                    
P 1                           ,                              ,                              ,                              ,33.21782533544129,-96.87782768353723,33.21782533544129,-96.87790814980768,33.21779212523985,-96.87790814980768,33.21779212523985,-96.87782768353723,33.21780873034057             ,-96.87786791667246            ,                                                            ,                                                                                                    